USACE_site_index,office,CWMS_ID,Data_type,latitude,longitude,data_Freq,name3,public_nam,long_name,descriptio,horizontal,estimate,vertical_d,timezone,county,state,nation,nearest_ci,bounding_o,location_k,location_t,name_1,Alternate,Mins,Obs_type,Elev_ft
0,SAJ,S351-Structure,Flow,26.69722,-80.71389,Inst, , , , ,WGS84,Unknown County or County N/A,FL,UNITED STATES, ,SAJ,SITE, , , , ,S351-Structure.Flow.Inst.0.0.SFWMD-db-raw, ,0,SFWMD-db-raw,0
1,SAJ,S4-Pump,Flow,26.78944,-80.96194,Inst, , , , ,WGS84,Unknown County or County N/A,FL,UNITED STATES, ,SAJ,SITE, , , , ,S4-Pump.Flow.Inst.0.0.SFWMD-db-raw, ,0,SFWMD-db-raw,0
2,SAJ,S135-Pump,Flow,27.08611,-80.66139,Inst, , , , ,WGS84,Unknown County or County N/A,FL,UNITED STATES, ,SAJ,SITE, , , , ,S135-Pump.Flow.Inst.1Hour.0.SFWMD-WM, ,0,SFWMD-WM,0
3,SAJ,S133,Flow,27.20583,-80.80083,Inst, ,S-133, , ,WGS84,Unknown County or County N/A,FL,UNITED STATES, ,SAJ,SITE, , , , ,S133.Flow.Inst.1Hour.0.SFWMD-WM, ,0,SFWMD-WM,0
4,SWF,TX00004-Gated_Total,Flow-Out,29.86861,-98.19861,Ave,CANYON LAKE-Gated_Total, , , ,WGS124,FALSE,NATIVE,US/Central,Unknown County or County N/A,TX,UNITED STATES,"Fischer, TX",SWF,SITE, ,TX00004-Gated_Total.Flow-Out.Ave.~1Day.1Day.Rev-SWF-REGI,CANYON LAKE-Gated_Total.Flow-Out.Ave.~1Day.1Day.Rev-SWF-REGI,0,Rev-SWF-REGI,0
5,SWF,TX00013-Gated_Total,Flow-Out,30.32222,-96.52556,Ave,SOMERVILLE LAKE-Gated_Total, , , ,WGS126,FALSE,NATIVE,US/Central,Unknown County or County N/A,TX,UNITED STATES,"Somerville, TX",SWF,SITE, ,TX00013-Gated_Total.Flow-Out.Ave.~1Day.1Day.Rev-SWF-REGI,SOMERVILLE LAKE-Gated_Total.Flow-Out.Ave.~1Day.1Day.Rev-SWF-REGI,0,Rev-SWF-REGI,0
6,SWF,GGLT2-Gated_Total,Flow-Out,30.6675,-97.72722,Ave,NORTH SAN GABRIEL DAM-Gated_Total, , , ,WGS100,FALSE,NATIVE,US/Central,Unknown County or County N/A,TX,UNITED STATES,"Georgetown, TX",SWF,SITE, ,GGLT2-Gated_Total.Flow-Out.Ave.~1Day.1Day.Reporting,GGLT2-Gated_Total.Flow-Out.Ave.~1Day.1Day.Rev-SWF-REGI,0,Reporting,0
7,SWF,TX08005-Gated_Total,Flow-Out,30.69278,-97.32611,Ave,GNGT2-Gated_Total, , , ,WGS102,FALSE,NATIVE,US/Central,Unknown County or County N/A,TX,UNITED STATES,"Davilla, TX",SWF,SITE, ,TX08005-Gated_Total.Flow-Out.Ave.~1Day.1Day.Rev-SWF-REGI,GNGT2-Gated_Total.Flow-Out.Ave.~1Day.1Day.Reporting,0,Rev-SWF-REGI,0
8,SWF,TX00015-Gated_Total,Flow-Out,30.79528,-94.18,Ave,TBLT2-Gated_Total, , , , ,FALSE,NATIVE,US/Central,Unknown County or County N/A,TX,UNITED STATES,"Spurger, TX",SWG,SITE, ,TX00015-Gated_Total.Flow-Out.Ave.~1Day.1Day.Rev-SWF-REGI,TBLT2-Gated_Total.Flow-Out.Ave.~1Day.1Day.Reporting,0,Rev-SWF-REGI,0
9,SWF,TX00014-Gated_Total,Flow-Out,31.02222,-97.5325,Ave,STILLHOUSE-HOLLOW DAM-Gated_Total, , , ,WGS128,FALSE,NATIVE,US/Central,Unknown County or County N/A,TX,UNITED STATES,"Belton, TX",SWF,SITE, ,TX00014-Gated_Total.Flow-Out.Ave.~1Day.1Day.Rev-SWF-REGI,STILLHOUSE-HOLLOW DAM-Gated_Total.Flow-Out.Ave.~1Day.1Day.Rev-SWF-REGI,0,Rev-SWF-REGI,0
10,SWF,TX00011-Gated_Total,Flow-Out,31.06056,-94.10583,Ave,JSPT2-Gated_Total, , , , ,FALSE,NATIVE,US/Central,Unknown County or County N/A,TX,UNITED STATES,"Brookeland, TX",SWF,SITE, ,TX00011-Gated_Total.Flow-Out.Ave.~1Day.1Day.Rev-SWF-REGI,JSPT2-Gated_Total.Flow-Out.Ave.~1Day.1Day.Reporting,0,Rev-SWF-REGI,0
11,SWF,TX00002-Gated_Total,Flow-Out,31.10611,-97.47444,Ave,BELTON LAKE-Gated_Total, , , , ,FALSE,NATIVE,US/Central,Unknown County or County N/A,TX,UNITED STATES,"Belton, TX",SWF,SITE, ,TX00002-Gated_Total.Flow-Out.Ave.~1Day.1Day.Rev-SWF-REGI,BELTON LAKE-Gated_Total.Flow-Out.Ave.~1Day.1Day.Rev-SWF-REGI,0,Rev-SWF-REGI,0
12,SAM,AL01433-Spillway,Flow,31.25916,-85.11116,Inst,Andrews-Spillway,Andrews Gated Spillway, , ,NAD83, , ,US/Eastern,Early,GA,UNITED STATES,"Coumbia, AL",SAM,OUTLET, ,AL01433-Spillway.Flow.Inst.1Hour.0.Raw-SCADA_SAM,Andrews-Spillway.Flow.Inst.1Hour.0.Raw-SCADA_SAM,0,Raw-SCADA_SAM,0
13,SWF,TX00012-Gated_Total,Flow-Out,31.48444,-100.4814,Ave,O C FISHER DAM AND LAKE-Gated_Total, , , ,WGS120,FALSE,NATIVE,US/Central,Unknown County or County N/A,TX,UNITED STATES,"San Angelo, TX",SWF,SITE, ,TX00012-Gated_Total.Flow-Out.Ave.~1Day.1Day.Rev-SWF-REGI,O C FISHER DAM AND LAKE-Gated_Total.Flow-Out.Ave.~1Day.1Day.Rev-SWF-REGI,0,Rev-SWF-REGI,0
14,SWF,TX00016-Gated_Total,Flow-Out,31.584,-97.202,Ave,ACTT2-Gated_Total, , , ,WGS84,FALSE,NATIVE,US/Central,Unknown County or County N/A,TX,UNITED STATES,"Waco, TX",SWF,SITE, ,TX00016-Gated_Total.Flow-Out.Ave.~1Day.1Day.Rev-SWF-REGI,ACTT2-Gated_Total.Flow-Out.Ave.~1Day.1Day.Reporting,0,Rev-SWF-REGI,0
15,SWF,TX00006-Gated_Total,Flow-Out,31.83278,-99.56056,Ave,HORDS CREEK LAKE-Gated_Total, , , ,WGS106,FALSE,NATIVE,US/Central,Unknown County or County N/A,TX,UNITED STATES,"Valera, TX",SWF,SITE, ,TX00006-Gated_Total.Flow-Out.Ave.~1Day.1Day.Rev-SWF-REGI,HORDS CREEK LAKE-Gated_Total.Flow-Out.Ave.~1Day.1Day.Rev-SWF-REGI,0,Rev-SWF-REGI,0
16,SWF,TX00017-Gated_Total,Flow-Out,31.86528,-97.37167,Ave,WHITNEY LAKE-Gated_Total, , , ,WGS132,FALSE,NATIVE,US/Central,Unknown County or County N/A,TX,UNITED STATES,"Laguna Park, TX",SWF,SITE, ,TX00017-Gated_Total.Flow-Out.Ave.~1Day.1Day.Rev-SWF-REGI,WHITNEY LAKE-Gated_Total.Flow-Out.Ave.~1Day.1Day.Rev-SWF-REGI,0,Rev-SWF-REGI,0
17,SWF,TX00009-Gated_Total,Flow-Out,31.95,-96.7,Ave,DAWT2-Gated_Total, , , , ,FALSE,NATIVE,US/Central,Unknown County or County N/A,TX,UNITED STATES,"Dawson, TX",SWF,SITE, ,TX00009-Gated_Total.Flow-Out.Ave.~1Day.1Day.Rev-SWF-REGI,DAWT2-Gated_Total.Flow-Out.Ave.~1Day.1Day.Reporting,0,Rev-SWF-REGI,0
18,SWF,TX00010-Gated_Total,Flow-Out,31.9717,-98.4767,Ave,PCTT2-Gated_Total, , , ,WGS116,FALSE,NATIVE,US/Central,Unknown County or County N/A,TX,UNITED STATES,"Hasse, TX",SWF,SITE, ,TX00010-Gated_Total.Flow-Out.Ave.~1Day.1Day.Rev-SWF-REGI,PCTT2-Gated_Total.Flow-Out.Ave.~1Day.1Day.Reporting,0,Rev-SWF-REGI,0
19,SWF,TX00001-Gated_Total,Flow-Out,32.25,-96.64,Ave,BARDWELL LAKE-Gated_Total, , , , ,FALSE,NATIVE,US/Central,Unknown County or County N/A,TX,UNITED STATES,"Bardwell, TX",SWF,SITE, ,TX00001-Gated_Total.Flow-Out.Ave.~1Day.1Day.Rev-SWF-REGI,BARDWELL LAKE-Gated_Total.Flow-Out.Ave.~1Day.1Day.Rev-SWF-REGI,0,Rev-SWF-REGI,0
20,SWF,GBYT2-Pump,Flow-Out,32.37417,-97.68889,Ave, , , , , ,FALSE,NATIVE,US/Central,Unknown County or County N/A,TX,UNITED STATES,"Granbury, TX",SWF,SITE, ,GBYT2-Pump.Flow-Out.Ave.~1Day.1Day.Rev-SWF-REGI, ,0,Rev-SWF-REGI,0
21,SAM,MS01491-Spillway,Flow-Discharge,32.4749,-88.79725,Inst,Okatibbee-Spillway,Okatibbee Spillway, , , , , ,US/Central,Lauderdale,MS,UNITED STATES,Meridian,SAM,OUTLET, ,MS01491-Spillway.Flow-Discharge.Inst.15Minutes.0.Raw-CCP,Okatibbee-Spillway.Flow-Discharge.Inst.15Minutes.0.Raw-CCP,0,Raw-CCP,0
22,SAM,AL01422-Spillway,Flow,32.53531,-85.88785,Inst,Thurlow-Spillway,Thurlow Spillway, , , , , ,US/Central,Unknown County or County N/A,AL,UNITED STATES,Tuskegee,SAM,OUTLET, ,AL01422-Spillway.Flow.Inst.1Hour.0.Raw-APCO,Thurlow-Spillway.Flow.Inst.1Hour.0.Raw-APCO,0,Raw-APCO,0
23,SAM,Bouldin,Flow-Out,32.58333,-86.28258,Inst, ,Bouldin (APC),Bouldin (APC), ,NAD83, , ,US/Central,Elmore,AL,UNITED STATES, ,SAM,PROJECT, ,Bouldin.Flow-Out.Inst.1Hour.0.Raw-APCO, ,0,Raw-APCO,0
24,SWF,TX08007-Gated_Total,Flow-Out,32.645,-96.9933,Ave,JOE POOL LAKE-Gated_Total, , , , ,FALSE,NATIVE,US/Central,Unknown County or County N/A,TX,UNITED STATES,"Florence Hill, TX",SWF,SITE, ,TX08007-Gated_Total.Flow-Out.Ave.~1Day.1Day.Rev-SWF-REGI,JOE POOL LAKE-Gated_Total.Flow-Out.Ave.~1Day.1Day.Rev-SWF-REGI,0,Rev-SWF-REGI,0
25,SWF,TX00003-Gated_Total,Flow-Out,32.65056,-97.44833,Ave,BENBROOK LAKE-Gated_Total, , , , ,FALSE,NATIVE,US/Central,Tarrant,TX,UNITED STATES,"Benbrook, TX",SWF,SITE, ,TX00003-Gated_Total.Flow-Out.Ave.~1Day.1Day.Rev-SWF-REGI,BENBROOK LAKE-Gated_Total.Flow-Out.Ave.~1Day.1Day.Rev-SWF-REGI,0,Rev-SWF-REGI,0
26,SAM,BartlettsFerry-Powerhouse,Flow,32.66302,-85.09085,Inst, ,BartlettsFerry Powerhouse, , , , , ,US/Eastern,Harris,GA,UNITED STATES,Columbus,SAM,TURBINE, ,BartlettsFerry-Powerhouse.Flow.Inst.1Hour.0.Raw-GPC, ,0,Raw-GPC,0
27,SWF,CLDL1-Spillway,Flow-Out,32.70333,-93.92,Ave, ,Spillway,Spillway, , ,FALSE,NATIVE,US/Central,Unknown County or County N/A,LA,UNITED STATES,"Mooringsport, LA",MVK,OUTLET, ,CLDL1-Spillway.Flow-Out.Ave.~1Day.1Day.Rev-SWF-REGI, ,0,Rev-SWF-REGI,0
28,MVK,D109C1B8,Flow,32.74944,-94.49861,Inst,Jferson_BigC_Bay,Big Cypress at Jefferson,"Big Cypress Bayou @ Jefferson, TX","Big Cypress Bayou @ Jefferson, TX",NAD27,FALSE,NATIVE,America/Chicago,Marion,TX,UNITED STATES, , ,SITE,Stream Gauge,D109C1B8.Flow.Inst.15Minutes.0.DCP-rev,Jferson_BigC_Bay.Flow.Inst.15Minutes.0.DCP-rev,0,DCP-rev,180
29,SWF,FLWT2-Pump,Flow-Out,32.78917,-97.41611,Ave, , , , , ,FALSE,NATIVE,US/Central,Unknown County or County N/A,TX,UNITED STATES,"Sansom Park, TX",SWF,SITE, ,FLWT2-Pump.Flow-Out.Ave.~1Day.1Day.Rev-SWF-REGI, ,0,Rev-SWF-REGI,0
30,SWF,FRHT2-Pump,Flow-Out,32.8,-96.5,Ave, , , , , ,FALSE,NATIVE,US/Central,Unknown County or County N/A,TX,UNITED STATES,"Sunnyvale, TX",SWF,SITE, ,FRHT2-Pump.Flow-Out.Ave.~1Day.1Day.Rev-SWF-REGI, ,0,Rev-SWF-REGI,0
31,MVK,Renfroe,Flow,32.86222,-89.44333,Inst, ,"Lobutcha Creek @ Renfroe, MS","Lobutcha Creek @ Renfroe, MS","Lobutcha Creek @ Renfroe, MS",NAD27,FALSE,NATIVE,US/Central,Leake,MS, , , ,SITE, ,Renfroe.Flow.Inst.15Minutes.0.DCP-rev, ,0,DCP-rev,354
32,SWF,TX00005-Gated_Total,Flow-Out,32.9725,-97.05611,Ave,GPVT2-Gated_Total, , , , ,FALSE,NATIVE,US/Central,Unknown County or County N/A,TX,UNITED STATES,"Coppell, TX",SWF,SITE, ,TX00005-Gated_Total.Flow-Out.Ave.~1Day.1Day.Rev-SWF-REGI,GPVT2-Gated_Total.Flow-Out.Ave.~1Day.1Day.Reporting,0,Rev-SWF-REGI,0
33,SWF,TX00007-Gated_Total,Flow-Out,33.03179,-96.48249,Ave,LAVON LAKE-Gated_Total, , , , ,FALSE,NATIVE,Etc/GMT+6,Unknown County or County N/A,TX,UNITED STATES,"Wylie, TX",SWF,SITE, ,TX00007-Gated_Total.Flow-Out.Ave.~1Day.1Day.Rev-SWF-REGI,LAVON LAKE-Gated_Total.Flow-Out.Ave.~1Day.1Day.Rev-SWF-REGI,0,Rev-SWF-REGI,0
34,SWF,TX00008-Gated_Total,Flow-Out,33.06917,-96.96417,Ave,LEWISVILLE LAKE-Gated_Total, , , , ,FALSE,NATIVE,US/Central,Unknown County or County N/A,TX,UNITED STATES,"Lewisville, TX",SWF,SITE, ,TX00008-Gated_Total.Flow-Out.Ave.~1Day.1Day.Rev-SWF-REGI,LEWISVILLE LAKE-Gated_Total.Flow-Out.Ave.~1Day.1Day.Rev-SWF-REGI,0,Rev-SWF-REGI,0
35,MVK,Spring Bank,Flow,33.08944,-93.85944,Inst, ,"Red River @ Spring Bank, AR","Red River @ Spring Bank, AR","Red River @ Spring Bank, AR",NAD27,FALSE,NATIVE,CST6CDT,Miller,AR, , , ,SITE,Stream Gauge,Spring Bank.Flow.Inst.30Minutes.0.DCP-rev, ,0,DCP-rev,160
36,SAM,AL01426-Spillway,Flow,33.25306,-87.44917,Inst,Holt-Spillway,Holt Spillway, , , , , ,US/Central,Tuscaloosa,AL,UNITED STATES,Northport,SAM,OUTLET, ,AL01426-Spillway.Flow.Inst.1Hour.0.Raw-APCO,Holt-Spillway.Flow.Inst.1Hour.0.Raw-APCO,0,Raw-APCO,0
37,SWF,TX08012-Gated_Total,Flow-Out,33.3356,-95.6361,Ave,JIM CHAPMAN LAKE-Gated_Total, , , , ,FALSE,NATIVE,US/Central,Unknown County or County N/A,TX,UNITED STATES,"Cooper, TX",SWF,SITE, ,TX08012-Gated_Total.Flow-Out.Ave.~1Day.1Day.Rev-SWF-REGI,JIM CHAPMAN LAKE-Gated_Total.Flow-Out.Ave.~1Day.1Day.Rev-SWF-REGI,0,Rev-SWF-REGI,0
38,SWF,TX08008-Gated_Total,Flow-Out,33.3567,-97.0367,Ave,RAY ROBERTS DAM-Gated_Total, , , , ,FALSE,NATIVE,US/Central,Unknown County or County N/A,TX,UNITED STATES,"Aubrey, TX",SWF,SITE, ,TX08008-Gated_Total.Flow-Out.Ave.~1Day.1Day.Rev-SWF-REGI,RAY ROBERTS DAM-Gated_Total.Flow-Out.Ave.~1Day.1Day.Rev-SWF-REGI,0,Rev-SWF-REGI,0
39,SAM,AL01427-Spillway,Flow,33.45833,-87.35417,Inst,Bankhead-Spillway,Bankhead Spillway, , ,NAD27,FALSE,NATIVE,Etc/GMT+6,Tuscaloosa,AL,UNITED STATES, ,SAM,OUTLET, ,AL01427-Spillway.Flow.Inst.1Hour.0.Raw-APCO,Bankhead-Spillway.Flow.Inst.1Hour.0.Raw-APCO,0,Raw-APCO,0
40,SAM,MS03056-Spillway,Flow,33.51816,-88.48799,Inst,Stennis-Spillway,Stennis Spillway, , , , , ,US/Central,Lowndes,MS,UNITED STATES,Columbus,SAM,OUTLET, ,MS03056-Spillway.Flow.Inst.15Minutes.0.Raw-LRIT_TTWW,Stennis-Spillway.Flow.Inst.15Minutes.0.Raw-LRIT_TTWW,0,Raw-LRIT_TTWW,0
41,SWL,AR00536-Tailwater,Flow,33.68717,-93.96391,Inst,Millwood_Dam-Tailwater,Millwood Dam Tailwater,"Little at Millwood Dam (TW), AR","Little at Millwood Dam (TW), AR -  Site collects tailwater elevation and precip data (HT,PC)",NAD83,FALSE,NATIVE,America/Chicago,Unknown County or County N/A,0,UNITED STATES,McNab,SWL,SITE, ,AR00536-Tailwater.Flow.Inst.1Hour.0.CCP-Comp,Millwood_Dam-Tailwater.Flow.Inst.1Hour.0.CCP-Comp,0,CCP-Comp,0
42,SAM,HNHenry-Spillway,Flow,33.78394,-86.05315,Inst, ,HN Henry Spillway, , , , , ,US/Central,Calhoun,AL,UNITED STATES,Gadsden,SAM,OUTLET, ,HNHenry-Spillway.Flow.Inst.1Hour.0.Raw-APCO, ,0,Raw-APCO,0
43,SPL,Coyote Ck-at Lower SGR,Flow,33.81,-118.0769,Inst, ,Coyote Creek, , ,WGS84,FALSE,NATIVE,US/Pacific,Unknown County or County N/A,CA,UNITED STATES,Hawaiian Gardens, ,SITE, ,Coyote Ck-at Lower SGR.Flow.Inst.~15Minutes.0.GOES-rev, ,0,GOES-rev,7
44,SPL,Spring St-SGR in Long Beach,Flow,33.81167,-118.0911,Inst, ,Spring Street, , ,WGS84,FALSE,NATIVE,US/Pacific,Unknown County or County N/A,CA,UNITED STATES,Hawaiian Gardens, ,SITE, ,Spring St-SGR in Long Beach.Flow.Inst.~15Minutes.0.GOES-rev, ,0,GOES-rev,12
45,SPL,Villa Park DS-Santiago Ck,Flow,33.81472,-117.765,Inst, ,Villa Park Downstream, , ,WGS84,FALSE,NATIVE,US/Pacific,Unknown County or County N/A,CA,UNITED STATES,Orange, ,SITE, ,Villa Park DS-Santiago Ck.Flow.Inst.~15Minutes.0.GOES-rev, ,0,GOES-rev,490
46,SPL,Wardlow-LAR at Long Beach,Flow,33.8175,-118.2064,Inst, ,Wardlow, , ,WGS84,FALSE,NATIVE,US/Pacific,Unknown County or County N/A,CA,UNITED STATES,Carson, ,SITE, ,Wardlow-LAR at Long Beach.Flow.Inst.~15Minutes.0.GOES-rev, ,0,GOES-rev,12
47,SPL,Richman Ave-Fullerton Ck blw Fullerton,Flow,33.86306,-117.9328,Inst, ,Richman Ave, , ,WGS84,FALSE,NATIVE,US/Pacific,Unknown County or County N/A,CA,UNITED STATES,Fullerton, ,SITE, ,Richman Ave-Fullerton Ck blw Fullerton.Flow.Inst.~15Minutes.0.GOES-rev, ,0,GOES-rev,125
48,SPL,Compton Ck-at Lower LAR,Flow,33.88139,-118.2244,Inst, ,Compton Creek, , ,WGS84,FALSE,NATIVE,US/Pacific,Unknown County or County N/A,CA,UNITED STATES,Willowbrook, ,SITE, ,Compton Ck-at Lower LAR.Flow.Inst.~15Minutes.0.GOES-rev, ,0,GOES-rev,50
49,SPL,Carbon Canyon DS-Carbon Ck,Flow,33.91333,-117.8425,Inst, ,Carbon Canyon DS, , ,WGS84,FALSE,NATIVE,US/Pacific,Unknown County or County N/A,CA,UNITED STATES,Brea, ,SITE, ,Carbon Canyon DS-Carbon Ck.Flow.Inst.~15Minutes.0.GOES-rev, ,0,GOES-rev,403
50,SPL,Florence Ave-SGR in Downey,Flow,33.93056,-118.1067,Inst, ,Florence Avenue, , ,WGS84,FALSE,NATIVE,US/Pacific,Unknown County or County N/A,CA,UNITED STATES,Downey, ,SITE, ,Florence Ave-SGR in Downey.Flow.Inst.~15Minutes.0.GOES-rev, ,0,GOES-rev,103
51,SPL,Stewart and Gray-Rio Hondo blw WN,Flow,33.94583,-118.1631,Inst, ,Stewart and Gray, , ,WGS84,FALSE,NATIVE,US/Pacific,Unknown County or County N/A,CA,UNITED STATES,Bell Gardens, ,SITE, ,Stewart and Gray-Rio Hondo blw WN.Flow.Inst.~15Minutes.0.GOES-rev, ,0,GOES-rev,90
52,SPL,Firestone Blvd-LAR abv Rio Hondo,Flow,33.94889,-118.1739,Inst, ,Firestone Blvd, , ,WGS84,FALSE,NATIVE,US/Pacific,Unknown County or County N/A,CA,UNITED STATES,Cudahy, ,SITE, ,Firestone Blvd-LAR abv Rio Hondo.Flow.Inst.~15Minutes.0.GOES-rev, ,0,GOES-rev,96
53,SPL,Ballona Ck-Marina Del Rey,Flow,33.99833,-118.4022,Inst, ,Ballona Creek, , ,WGS84,FALSE,NATIVE,US/Pacific,Unknown County or County N/A,CA,UNITED STATES,Culver City, ,SITE, ,Ballona Ck-Marina Del Rey.Flow.Inst.~15Minutes.0.GOES-rev, ,0,GOES-rev,12
54,SPL,Parkway-SGR blw WN,Flow,34.01278,-118.0639,Inst, ,Parkway, , ,WGS84,FALSE,NATIVE,US/Pacific,Unknown County or County N/A,CA,UNITED STATES,Pico Rivera, ,SITE, ,Parkway-SGR blw WN.Flow.Inst.~15Minutes.0.GOES-rev, ,0,GOES-rev,180
55,SPL,Alhambra W-abv WN Rio Hondo,Flow,34.05611,-118.0875,Inst, ,Alhambra Wash, , ,WGS84,FALSE,NATIVE,US/Pacific,Unknown County or County N/A,CA,UNITED STATES,Rosemead, ,SITE, ,Alhambra W-abv WN Rio Hondo.Flow.Inst.~15Minutes.0.GOES-rev, ,0,GOES-rev,240
56,SPL,Walnut Ck-abv WN San Gabriel,Flow,34.06556,-117.9633,Inst, ,Walnut Creek, , ,WGS84,FALSE,NATIVE,US/Pacific,Unknown County or County N/A,CA,UNITED STATES,Baldwin Park, ,SITE, ,Walnut Ck-abv WN San Gabriel.Flow.Inst.~15Minutes.0.GOES-rev, ,0,GOES-rev,325
57,SPL,Big Dalton W-abv WN San Gabriel,Flow,34.07472,-117.9636,Inst, ,Big Dalton Wash, , ,WGS84,FALSE,NATIVE,US/Pacific,Unknown County or County N/A,CA,UNITED STATES,Baldwin Park, ,SITE, ,Big Dalton W-abv WN San Gabriel.Flow.Inst.~15Minutes.0.GOES-rev, ,0,GOES-rev,335
58,SWL,AR01201-Tailwater,Flow,34.09341,-94.38103,Inst,DeQueen_Dam-Tailwater,DeQueen Dam Tailwater,"Rolling Fork below DeQueen Dam, AR","Rolling Fork below DeQueen Dam, AR - platform collects tailwater elevation and water temp data (HT,TW)",WGS84,FALSE,NATIVE,America/Chicago,Sevier,AR,UNITED STATES,DeQueen, ,SITE, ,AR01201-Tailwater.Flow.Inst.1Hour.0.CCP-Comp,DeQueen_Dam-Tailwater.Flow.Inst.1Hour.0.CCP-Comp,0,CCP-Comp,0
59,SPL,Tujunga Ave-LAR blw Tujunga W,Flow,34.14111,-118.3797,Inst, ,Tujunga Avenue, , ,WGS84,FALSE,NATIVE,US/Pacific,Unknown County or County N/A,CA,UNITED STATES,West Hollywood, ,SITE, ,Tujunga Ave-LAR blw Tujunga W.Flow.Inst.~15Minutes.0.GOES-rev, ,0,GOES-rev,550
60,SWL,AR01202-Tailwater,Flow,34.14306,-94.095,Inst,Dierks_Dam-Tailwater,Dierks Dam Tailwater,"Saline River at Dierks Dam (TW), AR","Saline River at Dierks Dam (TW), AR - platform collects tailwater elevation and water temp data (HT,TW)",WGS84,FALSE,NATIVE,America/Chicago,Unknown County or County N/A,0,UNITED STATES,Dierks,SWL,SITE, ,AR01202-Tailwater.Flow.Inst.1Hour.0.CCP-Comp,Dierks_Dam-Tailwater.Flow.Inst.1Hour.0.CCP-Comp,0,CCP-Comp,0
61,SWL,OK10307,Flow-Res Out,34.14306,-94.68333,Ave,BKDO2,Broken Bow Dam,"Mountain Fork at Broken Bow Dam, OK - platform collects pool","Mountain Fork at Broken Bow Dam, OK - platform collects pool elevation, tailwater elevation, and precip (HP,HT,PC)",NAD83, , ,America/Chicago,Unknown County or County N/A,OK,UNITED STATES,Broken Bow,SWT,PROJECT,Corps Reservoir,OK10307.Flow-Res Out.Ave.1Hour.1Hour.Rev-Regi-Flowgroup,07338900.Flow-Res Out.Ave.1Hour.1Hour.Rev-Regi-Flowgroup,0,Rev-Regi-Flowgroup,0
62,SPL,Verdugo W-at LAR abv Arroyo Seco,Flow,34.15611,-118.2739,Inst, ,Verdugo Wash, , ,WGS84,FALSE,NATIVE,US/Pacific,Unknown County or County N/A,CA,UNITED STATES,Burbank, ,SITE, ,Verdugo W-at LAR abv Arroyo Seco.Flow.Inst.~15Minutes.0.GOES-rev, ,0,GOES-rev,470
63,SWL,AR01200-Tailwater,Flow,34.20149,-94.22798,Inst,Gillham_Dam-Tailwater,Gillham Dam Tailwater,"Cossatot River at Gillham Dam (TW), AR","Cossatot River at Gillham Dam, AR - platform collects tailwater elevation and water temp data (HT,TW)", ,FALSE,NATIVE,America/Chicago,Howard,AR,UNITED STATES,Gillham,SWL,SITE, ,AR01200-Tailwater.Flow.Inst.1Hour.0.CCP-Comp,Gillham_Dam-Tailwater.Flow.Inst.1Hour.0.CCP-Comp,0,CCP-Comp,0
64,SPL,CA10004-abv Hansen,Flow,34.26056,-118.2775,Inst,Haines Cnyn-abv Hansen,Haines Canyon Debris Basin, , ,WGS84,FALSE,NATIVE,US/Pacific,Unknown County or County N/A,CA,UNITED STATES,La Crescenta-Montrose, ,PROJECT, ,CA10004-abv Hansen.Flow.Inst.~15Minutes.0.GOES-rev,Haines Cnyn-abv Hansen.Flow.Inst.~15Minutes.0.GOES-rev,0,GOES-rev,2183
65,SPL,CA10019,Flow,34.26056,-118.3861,Inst,Hansen,Hansen Dam, , ,WGS84,FALSE,NATIVE,US/Pacific,Unknown County or County N/A,CA,UNITED STATES,San Fernando, ,PROJECT, ,CA10019.Flow.Inst.~15Minutes.0.GOES-rev,Hansen.Flow.Inst.~15Minutes.0.GOES-rev,0,GOES-rev,990
66,SPL,Hansen,Flow,34.26056,-118.3861,Inst,CA10019,Hansen Dam, , ,WGS84,FALSE,NATIVE,US/Pacific,Unknown County or County N/A,CA,UNITED STATES,San Fernando, ,PROJECT, ,Hansen.Flow.Inst.~15Minutes.0.GOES-rev,CA10019.Flow.Inst.~15Minutes.0.GOES-rev,0,GOES-rev,990
67,MVK,Langley,Flow,34.31184,-93.89976,Inst, ,Langley,"Little Missouri River @ Langley, AR","Little Missouri River @ Langley, AR",NAD83,FALSE,NATIVE,Etc/GMT+6,Pike,AR,UNITED STATES, , ,SITE,Stream Gauge,Langley.Flow.Inst.15Minutes.0.DCP-rev, ,0,DCP-rev,727
68,SAM,MS03604-Spillway,Flow,34.4634,-88.36497,Inst,Montgomery-Spillway,Montgomery Spillway, , ,NAD83,FALSE,NATIVE,US/Central,Itawamba,MS,UNITED STATES,Corinth,SAM,OUTLET, ,MS03604-Spillway.Flow.Inst.1Hour.0.Raw-LRIT_TTWW,Montgomery-Spillway.Flow.Inst.1Hour.0.Raw-LRIT_TTWW,0,Raw-LRIT_TTWW,340
69,SAM,GA00821-Spillway,Flow,34.61397,-84.67105,Inst,Carters-Spillway,Carters Emergency Spillway, , ,NAD27,FALSE,NATIVE,US/Central,Murray,GA,UNITED STATES,"Carters, GA",SAM,OUTLET, ,GA00821-Spillway.Flow.Inst.1Hour.0.Raw-SCADA_SAM,Carters-Spillway.Flow.Inst.1Hour.0.Raw-SCADA_SAM,0,Raw-SCADA_SAM,0
70,MVK,MS01496-Spillway,Flow,34.75722,-90.12444,Inst,Arkabutla Lake-Spillway,Spillway,Spillway,"300 foot concrete emergency Spillway, crest elevation 238.3 ft",NAD83,FALSE,NATIVE,CST6CDT,Tate,MS,UNITED STATES, , ,OUTLET, ,MS01496-Spillway.Flow.Inst.1Hour.0.Spillway Flow,Arkabutla Lake-Spillway.Flow.Inst.1Hour.0.Spillway Flow,0,Spillway Flow,0
71,SWL,AR00158-Tailwater,Flow,34.95183,-93.15253,Inst,Nimrod_Dam-Tailwater,Nimrod Dam Tailwater,"Fourche LaFave River at Nimrod Dam (TW), AR","Fourche LaFave River at Nimrod Dam, AR - platform collects tailwater elevation data (HT)",NAD83,FALSE,NATIVE,America/Chicago,Perry,AR,UNITED STATES,Hollis,SWL,SITE, ,AR00158-Tailwater.Flow.Inst.1Hour.0.CCP-Comp,Nimrod_Dam-Tailwater.Flow.Inst.1Hour.0.CCP-Comp,0,CCP-Comp,0
72,SPL,CA10197,Flow,34.98417,-120.3228,Inst,Twitchell,Twitchell Dam, , ,WGS84,FALSE,NATIVE,US/Pacific,Unknown County or County N/A,CA,UNITED STATES,Arroyo Grande, ,PROJECT, ,CA10197.Flow.Inst.1Hour.0.GOES-rev,Twitchell.Flow.Inst.1Hour.0.GOES-rev,0,GOES-rev,692
73,LRN,PICT1-PICKWICK,Flow,35.07083,-88.25111,Ave, ,Pickwick Lock & Dam,Pickwick, ,NAD83, , ,US/Central,Hardin,TN,UNITED STATES,Counce, ,SITE,Reservoir,PICT1-PICKWICK.Flow.Ave.1Hour.1Hour.tva-raw, ,0,tva-raw,0
74,SWL,AR00157-Tailwater,Flow,35.1047,-93.6314,Inst,Blue_Mtn_Dam-Tailwater,Blue Mountain Dam Tailwater,"Petit Jean River at Blue Mountain Dam Tailwater, AR","Petit Jean River at Blue Mountain Dam Tailwater Sensor, AR - Represents sensor that Collects Tailwater Elevation data (HT)",NAD83,FALSE,NATIVE,US/Central,Yell,AR,UNITED STATES,Waveland,SWL,SITE, ,AR00157-Tailwater.Flow.Inst.1Hour.0.CCP-Comp,Blue_Mtn_Dam-Tailwater.Flow.Inst.1Hour.0.CCP-Comp,0,CCP-Comp,0
75,SWT,CORD,Flow,35.29111,-98.83639,Inst,AE0050C0,"Washita River, nr Cordell 9E","Washita River, nr Cordell 9E","Washita River, nr Cordell 9E",NAD83, , ,US/Central,Unknown County or County N/A,OK,UNITED STATES,"Cordell, OK",SWT,SITE, ,CORD.Flow.Inst.15Minutes.0.Ccp-Rev,AE0050C0.Flow.Inst.15Minutes.0.Ccp-Rev,0,Ccp-Rev,0
76,SWL,OZGA4-Tailwater,Flow,35.46977,-93.81382,Inst,AR00164-Tailwater,Lock & Dam 12 - Tailwater,"Arkansas River at Lock & Dam 12 (Ozark) Tailwater, AR","Arkansas River at Lock & Dam 12 (Ozark) Tailwater Sensor, AR - Represents sensor that Collects Tailwater Elevation data (HT)",NAD83,FALSE,NATIVE,America/Chicago,Franklin,AR,UNITED STATES,"Ozark, AR",SWL,SITE, ,OZGA4-Tailwater.Flow.Inst.1Hour.0.CCP-Comp,AR00164-Tailwater.Flow.Inst.1Hour.0.CCP-Comp,0,CCP-Comp,0
77,SWL,LD12_Ozark,Flow-RelTotal,35.47333,-93.81,Inst,AR00164,Ozark Lock & Dam 12,"Arkansas River at Lock & Dam 12 (Ozark), AR","Arkansas River at Lock & Dam 12 (Ozark), AR - platform collects upstream and downstream elevation, nonpower release, power release, generation, and gate opening data.",NAD83,FALSE,NATIVE,America/Chicago,Unknown County or County N/A,AR,UNITED STATES,"Ozark, AR",SWL,PROJECT,RoR Project,LD12_Ozark.Flow-RelTotal.Inst.1Hour.0.CCP-Comp,AR00164.Flow-RelTotal.Inst.1Hour.0.CCP-Comp,0,CCP-Comp,0
78,LRN,DBLT1-BigRockCr-nrDoubleBridgesTN,Flow,35.50444,-86.76861,Ave, ,Big Rock Cr @ Double Bridges TN,Big Rock Creek at Double Bridges TN, ,NAD83, , ,US/Central,Marshall,TN,UNITED STATES,Double Springs, ,SITE,Stream Gauge,DBLT1-BigRockCr-nrDoubleBridgesTN.Flow.Ave.~1Day.1Day.dcp-rev, ,0,dcp-rev,0
79,SWL,GRRA4-Tailwater,Flow,35.51941,-91.99532,Inst,AR00173-Tailwater,Greers Ferry Dam - Tailwater,"Little Red River at Greers Ferry Dam Tailwater, AR","Little Red River at Greers Ferry Dam Tailwater Sensor, AR - Represents sensor that Collects Tailwater Elevation data (HT)",WGS84,FALSE,NATIVE,America/Chicago,Cleburne,AR,UNITED STATES,Heber Springs,SWL,SITE, ,GRRA4-Tailwater.Flow.Inst.1Hour.0.CCP-Comp,AR00173-Tailwater.Flow.Inst.1Hour.0.CCP-Comp,0,CCP-Comp,0
80,LRN,MLTT1-DuckR-abvMilltownTN,Flow,35.57639,-86.77889,Ave, ,Duck River abv Milltown TN,Duck River above Milltown TN near Lewisburg TN, ,NAD83, , ,US/Central,Marshall,TN,UNITED STATES,Milltown, ,SITE,Stream Gauge,MLTT1-DuckR-abvMilltownTN.Flow.Ave.~1Day.1Day.dcp-rev, ,0,dcp-rev,0
81,SPK,ISB ISBQ-Lake Isabella Outflow-Kern,Flow,35.63972,-118.4994,Ave, ,Lk Isabella-Kern R, ,ISB - Lk Isabella Main Dam Outflow to the Kern River, ,FALSE,NATIVE,US/Pacific,Kern,CA,UNITED STATES,"Lake Isabella, CA",SPK,SITE, ,ISB ISBQ-Lake Isabella Outflow-Kern.Flow.Ave.1Hour.1Hour.Calc-val, ,0,Calc-val,2446
82,SPK,CA10106-Lake Isabella Pool-Kern,Flow-Spill,35.64667,-118.4781,Inst,ISB ISBP-Lake Isabella Pool-Kern,Lk Isabella-Pool,Isabella Pool,ISB - Lake Isabella Pool Elevation Station @ Main Dam,WGS84,FALSE,NATIVE,US/Pacific,Kern,CA,UNITED STATES, ,SPK,SITE,Corps Reservoir,CA10106-Lake Isabella Pool-Kern.Flow-Spill.Inst.1Hour.0.Calc-val,ISB ISBP-Lake Isabella Pool-Kern.Flow-Spill.Inst.1Hour.0.Calc-val,0,Calc-val,2835
83,LRN,GRTT1-GREAT_FALLS,Flow,35.80806,-85.63361,Ave, ,Rock Island TN,Great Falls Dam Near Rock Island, ,NAD83, , ,US/Central,Warren,TN,UNITED STATES,Rock Island, ,SITE,Reservoir,GRTT1-GREAT_FALLS.Flow.Ave.1Hour.1Hour.tva-raw, ,0,tva-raw,0
84,LRN,VERT1-PineyR-VernonTN,Flow,35.87111,-87.50139,Ave, ,Piney River @ Vernon TN,Piney River At Vernon, ,NAD83, , ,US/Central,Hickman,TN,UNITED STATES,Vernon, ,SITE,Stream Gauge,VERT1-PineyR-VernonTN.Flow.Ave.~1Day.1Day.dcp-rev, ,0,dcp-rev,0
85,LRN,MUGT1-WFkStonesR-MurfreesboroTN,Flow,35.9025,-86.42861,Ave, ,WF Stones R nr Murfreesboro TN,West Fork Stones River Near Murfreesboro TN, ,NAD83,FALSE,NATIVE,US/Central,Rutherford,TN,UNITED STATES,Murfreesboro, ,SITE,Stream Gauge,MUGT1-WFkStonesR-MurfreesboroTN.Flow.Ave.~1Day.1Day.dcp-rev, ,0,dcp-rev,515
86,LRN,HBFT1-HarpethR-blwFranklinTN,Flow,35.94806,-86.88167,Ave, ,Harpeth River blw Franklin TN,Harpeth River Below Franklin TN, ,NAD83, , ,US/Central,Williamson,TN,UNITED STATES,Franklin, ,SITE,Stream Gauge,HBFT1-HarpethR-blwFranklinTN.Flow.Ave.~1Day.1Day.dcp-rev, ,0,dcp-rev,0
87,SPK,SCC SCCQ-Success Lake Outflow-Tule,Flow,36.05639,-118.9228,Ave, ,Success Lk-Tule R, ,SCC - Success Lk Outflow to the Tule River, ,FALSE,NATIVE,US/Pacific,Tulare,CA,UNITED STATES,"Worth, CA",SPK,SITE, ,SCC SCCQ-Success Lake Outflow-Tule.Flow.Ave.1Hour.1Hour.Calc-val, ,0,Calc-val,536
88,SPK,CA10113,Flow-Spill,36.06111,-118.9217,Inst,SCC SCCP-Success Lake Pool-Tule,Success Lk-Pool,Success Lake / Dam,SCC - Success Lk Pool Elevation Station, ,FALSE,NATIVE,US/Pacific,Tulare,CA,UNITED STATES,"Worth, CA",SPK,SITE, ,CA10113.Flow-Spill.Inst.1Hour.0.Calc-val,SCC SCCP-Success Lake Pool-Tule.Flow-Spill.Inst.1Hour.0.Calc-val,0,Calc-val,692
89,LRN,ANTT1-MillCr-AntiochTN,Flow,36.08167,-86.68083,Ave,3431000-MillCr-AntiochTN,Mill Creek @ Antioch TN,Mill Creek At Antioch TN, ,NAD83,FALSE,NATIVE,US/Central,Davidson,TN,UNITED STATES,Antioch, ,SITE,Stream Gauge,ANTT1-MillCr-AntiochTN.Flow.Ave.~1Day.1Day.dcp-rev,3431000-MillCr-AntiochTN.Flow.Ave.~1Day.1Day.dcp-rev,0,dcp-rev,473
90,LRN,CETT1-CENTER_HILL,Flow-Orifice,36.0976,-85.82612,Ave, ,Center Hill Dam Tailwater,Center Hill Dam Tailwater, ,NAD83, , ,US/Central,De Kalb,TN,UNITED STATES,Cookeville, ,SITE,Tailwater,CETT1-CENTER_HILL.Flow-Orifice.Ave.1Hour.1Hour.man-raw, ,0,man-raw,0
91,LRN,CEN,Flow,36.09763,-85.82672,Inst,CEHT1,Center Hill Dam,Center Hill Dam, ,NAD83, , ,US/Central,De Kalb,TN,UNITED STATES,Gordonsville, ,PROJECT,Corps Reservoir,CEN.Flow.Inst.15Minutes.0.DCP-rev,01114500.Flow.Inst.15Minutes.0.DCP-rev,0,DCP-rev,0
92,SWF,KEYS,Flow-Res Out,36.15139,-96.25139,Ave, ,KEYS,KEYS,ARKANSAS RIVER AT KEYSTONE DAM, , , ,US/Central,Unknown County or County N/A,OK,UNITED STATES,"Sand Springs, OK",SWT,SITE,stream,KEYS.Flow-Res Out.Ave.1Hour.1Hour.Rev-Regi-Flowgroup,07164200.Flow-Res Out.Ave.1Hour.1Hour.Rev-Regi-Flowgroup,0,Rev-Regi-Flowgroup,0
93,SWT,BISO,Flow,36.18861,-97.96194,Inst,BTCO2,"Turkey Creek nr Bison, OK","Turkey Creek nr Bison, OK","Turkey Creek nr Bison, OK",NAD83, , ,US/Central,Unknown County or County N/A,OK,UNITED STATES,"Bison, OK",SWT,SITE, ,BISO.Flow.Inst.15Minutes.0.Ccp-Rev,BTCO2.Flow.Inst.15Minutes.0.Ccp-Rev,0,Ccp-Rev,0
94,SWT,AMES,Flow,36.21861,-98.25445,Inst,AE011130,Cimarron River nr Ames 4SW,Cimarron River nr Ames 4SW,Cimarron River nr Ames 4SW,NAD83, , ,US/Central,Unknown County or County N/A,OK,UNITED STATES,"Ames, OK",SWT,SITE, ,AMES.Flow.Inst.1Hour.0.Ccp-Rev,AE011130.Flow.Inst.1Hour.0.Ccp-Rev,0,Ccp-Rev,0
95,LRN,LBST1-SpringCr-LebanonTN,Flow,36.22167,-86.23694,Ave, ,Spring Creek nr Lebanon TN,Spring Creek nr Lebanon TN, ,NAD83,FALSE,NATIVE,US/Central,Wilson,TN,UNITED STATES,Lebanon, ,SITE,Stream Gauge,LBST1-SpringCr-LebanonTN.Flow.Ave.~1Day.1Day.dcp-rev, ,0,dcp-rev,500
96,SWL,NFDA4-Tailwater,Flow,36.2468,-92.24106,Inst,AR00159-Tailwater,Norfork Dam - Tailwater,"North Fork River at Norfork Dam Tailwater, AR","North Fork River at Norfork Dam Tailwater Sensor, AR - Represents sensor that Collects Tailwater Elevation data (HP)",WGS84,FALSE,NATIVE,America/Chicago,Baxter,AR,UNITED STATES,Norfork,SWL,SITE, ,NFDA4-Tailwater.Flow.Inst.1Hour.0.CCP-Comp,AR00159-Tailwater.Flow.Inst.1Hour.0.CCP-Comp,0,CCP-Comp,0
97,LRN,CTHT1-CumberlandR-CarthageTN,Flow,36.2475,-85.95639,Ave, ,Cumberland R @ Carthage TN,Cumberland River At Carthage TN, ,NAD83,FALSE,NATIVE,US/Central,Smith,TN,UNITED STATES,Carthage, ,SITE,Stream Gauge,CTHT1-CumberlandR-CarthageTN.Flow.Ave.~1Day.1Day.dcp-rev, ,0,dcp-rev,438
98,LRN,CORDELL_HULL-Spillway,Flow,36.29034,-85.94354,Total, ,Cordell Hull Spillway Gates,Cordell Hull Lock and Dam Spillway Gates, ,NAD83,FALSE,NATIVE,US/Central,Smith,TN,UNITED STATES,Carthage, ,OUTLET,Spillway,CORDELL_HULL-Spillway.Flow.Total.15Minutes.15Minutes.dcp-rev, ,0,dcp-rev,424
99,LRN,OHIT1-OLD_HICKORY,Flow-Spillway,36.29722,-86.65889,Ave, ,Old Hickory Dam Tailwater,Old Hickory Dam Tailwater, ,NAD83,FALSE,NATIVE,US/Central,Davidson,TN,UNITED STATES,Hendersonville, ,SITE,Tailwater,OHIT1-OLD_HICKORY.Flow-Spillway.Ave.1Hour.1Hour.man-raw, ,0,man-raw,0
100,SPK,TRM CRS-Cross Cr at Houston-Kaweah,Flow,36.29861,-119.5483,Ave, ,Lk Kaweah-Cross Cr, ,TRM - Cross Cr @ Houston, ,FALSE,NATIVE,US/Pacific,Kings,CA,UNITED STATES,"Hanford, CA",SPK,SITE, ,TRM CRS-Cross Cr at Houston-Kaweah.Flow.Ave.1Hour.1Hour.Calc-val, ,0,Calc-val,250
101,LRN,ASHT1-CHEATHAM,Flow-Spillway,36.32042,-87.22542,Ave,3435000-CHEATHAM,Cheatham Dam Tailwater,Cheatham Dam Tailwater, ,NAD83,FALSE,NATIVE,US/Central,Cheatham,TN,UNITED STATES,Ashland City, ,SITE,Reservoir,ASHT1-CHEATHAM.Flow-Spillway.Ave.1Hour.1Hour.man-raw,3435000-CHEATHAM.Flow-Spillway.Ave.1Hour.1Hour.man-raw,0,man-raw,350
102,SPK,TRM YKL-Yokohl Cr at Garcia Br-Kaweah,Flow,36.32694,-119.0808,Ave, ,Lk Kaweah--Yokohl Cr, ,TRM - Yokohl Cr nr Lemoncove, ,FALSE,NATIVE,US/Pacific,Tulare,CA,UNITED STATES,"Lindcove, CA",SPK,SITE, ,TRM YKL-Yokohl Cr at Garcia Br-Kaweah.Flow.Ave.~1Day.1Day.Calc-val, ,0,Calc-val,430
103,SWL,AR00160-Tailwater,Flow,36.36482,-92.57854,Inst,BSGA4-Tailwater,Bull Shoals Dam - Tailwater,"White R at Bull Shoals Dam Tailwater, AR","White R at Bull Shoals Dam Tailwater Sensor, AR - Represents sensor that Collects Tailwater Elevation data (HT)",WGS84,FALSE,NATIVE,America/Chicago,Marion,AR,UNITED STATES,Flippin,SWL,SITE, ,AR00160-Tailwater.Flow.Inst.1Hour.0.CCP-Comp,BSGA4-Tailwater.Flow.Inst.1Hour.0.CCP-Comp,0,CCP-Comp,0
104,SPK,PNF AMW-Army Weir-Kings,Flow,36.38639,-119.7869,Ave, ,Pineflat Lk-Army Weir, ,PNF - Army Weir on the Kings nr Lemoore, ,FALSE,NATIVE,US/Pacific,Kings,CA,UNITED STATES,"Camden, CA",SPK,SITE, ,PNF AMW-Army Weir-Kings.Flow.Ave.1Hour.1Hour.Calc-val, ,0,Calc-val,230
105,SPK,TRM TRMQ-Lake Kaweah Outflow-Kaweah,Flow,36.41389,-119.0125,Ave, ,Lk Kaweah-Kaweah R, ,TRM - Terminus Dam Outflow to the Kaweah River, ,FALSE,NATIVE,US/Pacific,Tulare,CA,UNITED STATES,"Lemoncove, CA",SPK,SITE, ,TRM TRMQ-Lake Kaweah Outflow-Kaweah.Flow.Ave.1Hour.1Hour.Calc-val, ,0,Calc-val,496
106,SPK,CA10114,Flow-Spill,36.41472,-119.0019,Inst,TRM TRMP-Lake Kaweah Pool-Kaweah,Lk Kaweah-Pool,TERMINUS LAKE / DAM,TRM - Lake Kaweah Pool Elevation Station,WGS84,FALSE,NATIVE,US/Pacific,Tulare,CA,UNITED STATES,"Lemoncove, CA",SPK,SITE, ,CA10114.Flow-Spill.Inst.1Hour.0.Calc-val,TRM TRMP-Lake Kaweah Pool-Kaweah.Flow-Spill.Inst.1Hour.0.Calc-val,0,Calc-val,752
107,LRN,BLCT1-BledsoeCr-GallatinTN,Flow,36.42278,-86.34944,Ave, ,Bledsoe Creek @ Rogana TN,Bledsoe Creek At Rogana TN, ,NAD83,FALSE,NATIVE,US/Central,Sumner,TN,UNITED STATES,Gallatin, ,SITE,Stream Gauge,BLCT1-BledsoeCr-GallatinTN.Flow.Ave.~1Day.1Day.dcp-rev, ,0,dcp-rev,458
108,LRN,JNCT1-JenningsCr-WhitleyvilleTN,Flow,36.44028,-85.67472,Ave, ,Jennings Cr nr Whitleyville TN,Jennings Creek Near Whitleyville TN, ,NAD83,FALSE,NATIVE,US/Central,Jackson,TN,UNITED STATES,Whitleyville, ,SITE,Stream Gauge,JNCT1-JenningsCr-WhitleyvilleTN.Flow.Ave.~1Day.1Day.dcp-rev, ,0,dcp-rev,500
109,LRN,PORT1-RedR-PortRoyalTN,Flow,36.55389,-87.14222,Ave, ,Red River @ Port Royal TN,Red River At Port Royal TN, ,NAD83, , ,US/Central,Montgomery,TN,UNITED STATES,Port Royal, ,SITE,Stream Gauge,PORT1-RedR-PortRoyalTN.Flow.Ave.~1Day.1Day.dcp-rev, ,0,dcp-rev,0
110,LRN,CLAT1-CumberlandR-CelinaTN,Flow,36.55444,-85.51556,Ave,3417500-CumberlandR-CelinaTN,Cumberland R @ Celina TN,Cumberland River At Celina TN, ,NAD83,FALSE,NATIVE,US/Central,Clay,TN,UNITED STATES,Celina, ,SITE,Stream Gauge,CLAT1-CumberlandR-CelinaTN.Flow.Ave.~1Day.1Day.dcp-rev,3417500-CumberlandR-CelinaTN.Flow.Ave.~1Day.1Day.dcp-rev,0,dcp-rev,489
111,LRN,WLBK2-CumberlandR-WilliamsburgKY,Flow,36.74361,-84.15639,Ave, ,Cumberland R @ Williamsburg KY,Cumberland River At Williamsburg KY, ,NAD83,FALSE,NATIVE,US/Eastern,Whitley,KY,UNITED STATES,Williamsburg, ,SITE,Stream Gauge,WLBK2-CumberlandR-WilliamsburgKY.Flow.Ave.~1Day.1Day.dcp-rev, ,0,dcp-rev,892
112,LRN,PVLK2-CumberlandR-PinevilleKY,Flow,36.76444,-83.6925,Ave, ,Cumberland R nr Pineville KY,Cumberland River Near Pineville KY, ,NAD83,FALSE,NATIVE,US/Eastern,Bell,KY,UNITED STATES,Pineville, ,SITE,Stream Gauge,PVLK2-CumberlandR-PinevilleKY.Flow.Ave.~1Day.1Day.dcp-rev, ,0,dcp-rev,970
113,SWT,CHIB,Flow,36.77139,-95.50389,Inst,CBCO2,"Big Creek near Childers, OK","Big Creek near Childers, OK","Big Creek near Childers, OK",NAD83, , ,US/Central,Unknown County or County N/A,OK,UNITED STATES,"Delaware, OK",SWT,SITE, ,CHIB.Flow.Inst.15Minutes.0.Ccp-Rev,CBCO2.Flow.Inst.15Minutes.0.Ccp-Rev,0,Ccp-Rev,0
114,LRN,CDZK2-LittleR-CadizKY,Flow,36.77778,-87.72167,Ave,3438000-LittleR-CadizKY,Little River nr Cadiz KY,Little River Near Cadiz KY, ,NAD83,FALSE,NATIVE,US/Central,Trigg,KY,UNITED STATES,Cadiz, ,SITE,Stream Gauge,CDZK2-LittleR-CadizKY.Flow.Ave.~1Day.1Day.dcp-rev,3438000-LittleR-CadizKY.Flow.Ave.~1Day.1Day.dcp-rev,0,dcp-rev,391
115,MVS,Fisk-St Francis,Flow,36.78058,-90.2021,Inst,SFFI,Fisk,Fisk-St Francis,St. Francis River at Fisk,WGS84,FALSE,NATIVE,US/Central,Unknown County or County N/A,MO,UNITED STATES, ,MVS,STREAM_LOCATION, ,Fisk-St Francis.Flow.Inst.1Hour.0.RatingCOE,SFFI.Flow.Inst.1Hour.0.RatingCOE,0,RatingCOE,307
116,LRN,BRKK2-CumberlandR-BurkesvilleKY,Flow,36.7875,-85.36528,Ave, ,Cumberland R @ Burkesville KY,Cumberland River At Burkesville KY, ,NAD83, , ,US/Central,Cumberland,KY,UNITED STATES,Burkesville, ,SITE,Stream Gauge,BRKK2-CumberlandR-BurkesvilleKY.Flow.Ave.~1Day.1Day.dcp-rev, ,0,dcp-rev,0
117,LRN,MTCK2-BeaverCr-MonticelloKY,Flow,36.7975,-84.89611,Ave, ,Beaver Creek nr Monticello KY,Beaver Creek Near Monticello KY, ,NAD83, , ,US/Central,Wayne,KY,UNITED STATES,Monticello, ,SITE,Stream Gauge,MTCK2-BeaverCr-MonticelloKY.Flow.Ave.~1Day.1Day.dcp-rev, ,0,dcp-rev,0
118,SPK,PNF PNFQ-Pine Flat Lake Outflow-Kings,Flow,36.83056,-119.3353,Ave, ,Pineflat Lk-Kings R, ,PNF - Pineflat Lk Outflow to the Kings River,WGS84,FALSE,NATIVE,US/Pacific,Fresno,CA,UNITED STATES,"Trimmer, CA",SPK,SITE,Stream Gauge,PNF PNFQ-Pine Flat Lake Outflow-Kings.Flow.Ave.1Hour.1Hour.Calc-val, ,0,Calc-val,560
119,LRN,CFAK2-CumberlandR-CumberlandFallsKY,Flow,36.83583,-84.34139,Ave,3404500-CumberlandR-CumberlandFallsKY,Cumb R Cumberland Falls KY,Cumberland River at Cumberland Falls KY, ,NAD83,FALSE,NATIVE,US/Eastern,Whitley,KY,UNITED STATES,Greenwood, ,SITE,Stream Gauge,CFAK2-CumberlandR-CumberlandFallsKY.Flow.Ave.~1Day.1Day.dcp-rev,3404500-CumberlandR-CumberlandFallsKY.Flow.Ave.~1Day.1Day.dcp-rev,0,dcp-rev,825
120,LRN,BARKLEY-Spillway,Flow,37.02085,-88.22351,Total, ,Barkley Lock and Dam Spillway,Barkley Lock and Dam Spillway Gates, ,NAD83,FALSE,NATIVE,US/Central,Lyon,KY,UNITED STATES,Grand Rivers, ,OUTLET,Spillway,BARKLEY-Spillway.Flow.Total.15Minutes.15Minutes.dcp-rev, ,0,dcp-rev,230
121,LRN,BAR,Flow,37.02168,-88.22105,Inst,BAHK2,Barkley Lock & Dam,Barkley Lock & Dam to Cheatham Lock & Dam Drainage Area,"This basin represents the uncontrolled drainage area between Barkley Lock & Dam, Cheatham Lock & Dam, and includes the Red River drainage area.",NAD83, , ,US/Central,Lyon,KY,UNITED STATES,Grand Rivers, ,PROJECT,Corps Reservoir,BAR.Flow.Inst.15Minutes.0.DCP-rev, ,0,DCP-rev,0
122,SWT,CAME,Flow,37.07778,-96.85194,Inst,CAMK1,Grouse Creek nr Cameron KS,Grouse Creek nr Cameron KS,Grouse Creek nr Cameron KS,NAD83, , ,US/Central,Unknown County or County N/A,KS,UNITED STATES,"Silverdale, KS",SWT,SITE, ,CAME.Flow.Inst.1Hour.0.Ccp-Rev,CAMK1.Flow.Inst.1Hour.0.Ccp-Rev,0,Ccp-Rev,0
123,SPK,HID HIDQ-Hensley Lake Outflow-Fresno,Flow,37.10389,-119.8875,Ave, ,Hensly Lk-Fresno R, ,HID - Hensley Lk Outflow to the Fresno River, ,FALSE,NATIVE,US/Pacific,Madera,CA,UNITED STATES,"Raymond, CA",SPK,SITE, ,HID HIDQ-Hensley Lake Outflow-Fresno.Flow.Ave.1Hour.1Hour.Calc-val, ,0,Calc-val,561
124,SPK,HID HIDP-Hensley Lake Pool-Fresno,Flow-Spill,37.10944,-119.8847,Inst, ,Hensley Lk-Pool,Hensley Lake,HID - Hensley Lk Pool Elevation Station,WGS84,FALSE,NATIVE,US/Pacific,Madera,CA,UNITED STATES,"Raymond, CA",SPK,SITE, ,HID HIDP-Hensley Lake Pool-Fresno.Flow-Spill.Inst.1Hour.0.Calc-val, ,0,Calc-val,581
125,SWL,MO30203-Tailwater,Flow,37.12965,-90.7611,Inst,Clearwater_Dam-Tailwater,Clearwater Dam Tailwater,"Black R at Clearwater Dam Tailwater, AR","Black R at Clearwater Dam Tailwater Sensor, AR - Represents sensor that Collects Tailwater Elevation data (HT)",NAD83,FALSE,NATIVE,US/Central,Wayne,MO,UNITED STATES,Piedmont,SWL,SITE, ,MO30203-Tailwater.Flow.Inst.1Hour.0.CCP-Comp,Clearwater_Dam-Tailwater.Flow.Inst.1Hour.0.CCP-Comp,0,CCP-Comp,0
126,SPK,HID FHL-Fresno R abv Hensley Lake-Fresno,Flow,37.15056,-119.8561,Ave, ,Hensly Lk-Fresno R, ,HID - Fresno River abv Hensly Lk, ,FALSE,NATIVE,US/Pacific,Madera,CA,UNITED STATES,"Raymond, CA",SPK,SITE, ,HID FHL-Fresno R abv Hensley Lake-Fresno.Flow.Ave.1Hour.1Hour.Calc-val, ,0,Calc-val,540
127,SPK,BUCQ,Flow,37.21556,-119.9914,Ave,BUC BUCQ-Eastman Lake Outflow-Chowchilla,Eastman Lk-Chowchilla R, ,BUC - Eastman Lk Outflow to the Chowchilla River, ,FALSE,NATIVE,US/Pacific,Madera,CA, , ,SPK,SITE, ,BUCQ.Flow.Ave.1Hour.1Hour.Calc-val,BUC BUCQ-Eastman Lake Outflow-Chowchilla.Flow.Ave.1Hour.1Hour.Calc-val,0,Calc-val,450
128,SWT,PURS,Flow,37.25889,-94.435,Inst,NSFM7,"N Fork Spring River nr Purcell,","North Fork Spring River near Purcell, MO","North Fork Spring River near Purcell, MO",NAD83,FALSE,NATIVE,US/Central,Unknown County or County N/A,MO,UNITED STATES,"Alba, MO",SWL,SITE, ,PURS.Flow.Inst.1Hour.0.Ccp-Rev,NSFM7.Flow.Inst.1Hour.0.Ccp-Rev,0,Ccp-Rev,850
129,SPK,BUC BUCP-Eastman Lake Pool-Chowchilla,Flow-Spill,37.26667,-119.9844,Ave,BUCP,Eastman Lk-Pool,HENSLEY LAKE / HIDDEN DAM,BUC - Eastman Lk (Buchanan Dam) Pool Elevation Station,WGS84,FALSE,NATIVE,US/Pacific,Madera,CA,UNITED STATES, ,SPK,SITE, ,BUC BUCP-Eastman Lake Pool-Chowchilla.Flow-Spill.Ave.1Hour.1Hour.Calc-val,BUCP.Flow-Spill.Ave.1Hour.1Hour.Calc-val,0,Calc-val,613
130,SPK,MER MARQ-Mariposa Res Outflow-Mariposa Cr,Flow,37.28,-120.1628,Ave, ,Mariposa Res-Mariposa Cr, ,MER - Mariposa Dam Outflow to Mariposa Cr - Merced Group, ,FALSE,NATIVE,US/Pacific,Merced,CA,UNITED STATES,"Le Grand, CA",SPK,SITE, ,MER MARQ-Mariposa Res Outflow-Mariposa Cr.Flow.Ave.1Hour.1Hour.Calc-val, ,0,Calc-val,350
131,SPK,CA10107-Mariposa Res Pool-Mariposa Cr,Flow-Spill,37.29333,-120.1467,Inst,MER MARP-Mariposa Res Pool-Mariposa Cr,Mariposa Res-Pool,Mariposa Pool,MER - Mariposa Reservoir Pool Elevation Station - Merced Group,WGS84,FALSE,NATIVE,US/Pacific,Merced,CA,UNITED STATES,"Le Grand, CA",SPK,SITE, ,CA10107-Mariposa Res Pool-Mariposa Cr.Flow-Spill.Inst.1Hour.0.Calc-val,MER MARP-Mariposa Res Pool-Mariposa Cr.Flow-Spill.Inst.1Hour.0.Calc-val,0,Calc-val,459
132,SPK,MER MCK-Bear Cr at Mckee Road-Bear Cr,Flow,37.30917,-120.4456,Ave, ,Bear Res-Bear Cr@ McKee Rd, ,MER - Bear Cr @ McKee Rd - Merced Group, ,FALSE,NATIVE,US/Pacific,Merced,CA,UNITED STATES,"Merced, CA",SPK,SITE, ,MER MCK-Bear Cr at Mckee Road-Bear Cr.Flow.Ave.1Hour.1Hour.Calc-val, ,0,Calc-val,167
133,SPK,MER OWNQ-Owens Reservoir Outflow-Owens Cr,Flow,37.31194,-120.1897,Ave, ,Owens Res-Owens Cr, ,MER - Owens Reservoir Outflow to Owens Cr - Merced Group, ,FALSE,NATIVE,US/Pacific,Merced,CA,UNITED STATES,"Le Grand, CA",SPK,SITE, ,MER OWNQ-Owens Reservoir Outflow-Owens Cr.Flow.Ave.1Hour.1Hour.Calc-val, ,0,Calc-val,357
134,SPK,MER BURQ-Burns Reservoir Outflow-Burns Cr,Flow,37.37333,-120.2803,Ave, ,Burns Res-Burns Cr, ,MER - Burns Reservoir Outflow to Burns Cr - Merced Group, ,FALSE,NATIVE,US/Pacific,Merced,CA,UNITED STATES,"Planada, CA",SPK,SITE, ,MER BURQ-Burns Reservoir Outflow-Burns Cr.Flow.Ave.1Hour.1Hour.Calc-val, ,0,Calc-val,261
135,SPK,CA10103-Burns Reservoir Pool-Burns Cr,Flow-Spill,37.37667,-120.275,Inst,Burns Dam -Burns Reservoir Pool-Burns Cr,Burns Res-Pool,Burns Pool,MER - Burns Reservoir Pool Elevation Station - Merced Group,WGS84,FALSE,NATIVE,US/Pacific,Merced,CA,UNITED STATES,"Planada, CA",SPK,SITE, ,CA10103-Burns Reservoir Pool-Burns Cr.Flow-Spill.Inst.1Hour.0.Calc-val,Burns Dam -Burns Reservoir Pool-Burns Cr.Flow-Spill.Inst.1Hour.0.Calc-val,0,Calc-val,319
136,SPL,Pine Cnyn DS-Pine Cnyn W,Flow,37.47833,-114.3075,Inst, ,Pine Cnyn Downstream, , ,WGS84,FALSE,NATIVE,US/Pacific,Unknown County or County N/A,NV,UNITED STATES,Cedar City, ,SITE, ,Pine Cnyn DS-Pine Cnyn W.Flow.Inst.15Minutes.0.GOES-rev, ,0,GOES-rev,5609
137,SPL,Mathews Cnyn DS-Mathews Cnyn W,Flow,37.49972,-114.2242,Inst, ,Mathews Canyon Downstream, , ,WGS84,FALSE,NATIVE,US/Pacific,Unknown County or County N/A,NV,UNITED STATES,Cedar City, ,SITE, ,Mathews Cnyn DS-Mathews Cnyn W.Flow.Inst.15Minutes.0.GOES-rev, ,0,GOES-rev,5439
138,LRH,WV08902-Outflow,Flow,37.649,-80.886,Inst,BLN-Outflow,Bluestone Outflow (Calc), , ,WGS84,FALSE,NATIVE,US/Eastern,Summers,WV,UNITED STATES,Hinton,LRH,STREAM_LOCATION,Calculated,WV08902-Outflow.Flow.Inst.1Hour.0.OBS,BLN-Outflow.Flow.Inst.1Hour.0.OBS,0,OBS,1400
139,SPK,FRM SET-Stockton East Tun-Littlejohn Cr,Flow,37.84833,-120.6831,Inst, ,Farmington Lk-Goodwin Tunnel, ,FRM - Goodwin Tunnel (Stockton East Tunnel) abv Farmington Lk, ,FALSE,NATIVE,US/Pacific,San Joaquin,CA,UNITED STATES,"Oakdale, CA",SPK,SITE, ,FRM SET-Stockton East Tun-Littlejohn Cr.Flow.Inst.15Minutes.0.Combined-val, ,0,Combined-val,600
140,SPK,FRM SHG-Shirley Gulch Div-Littlejohn Cr,Flow,37.9025,-120.7597,Ave, ,Farmington Lk-Shirley Gulch, ,FRM - Shirley Gulch abv Farmington Lk, ,FALSE,NATIVE,US/Pacific,San Joaquin,CA,UNITED STATES,"Oakdale, CA",SPK,SITE, ,FRM SHG-Shirley Gulch Div-Littlejohn Cr.Flow.Ave.1Hour.1Hour.Calc-val, ,0,Calc-val,225
141,SPK,FRM FRMQ-Stockton East Outflow Works,Flow,37.91444,-120.9386,Inst, ,Farminton Lk-SEWD Works, ,"FRM - Farmington Dam Outflow Works, Stockton East Water District.", ,FALSE,NATIVE,US/Pacific,San Joaquin,CA,UNITED STATES,"Farmington, CA",SPK,SITE, ,FRM FRMQ-Stockton East Outflow Works.Flow.Inst.1Hour.0.Calc-val, ,0,Calc-val,19
142,SPK,FRM FRMP-Farmington Pool-Littlejohn Cr,Flow-Spill,37.915,-120.935,Ave, ,Farmington Lk-Pool,Farmington Pool Farmington Pool,FRM - Farmington Dam Pool Elevation Station,WGS84,FALSE,NATIVE,US/Pacific,San Joaquin,CA,UNITED STATES, ,SPK,SITE, ,FRM FRMP-Farmington Pool-Littlejohn Cr.Flow-Spill.Ave.1Hour.1Hour.Calc-val, ,0,Calc-val,180
143,SPK,FRM RCF-Rock Cr nr FRM-Littlejohn Cr,Flow,37.91833,-120.9597,Ave, ,Farmington Lk-Rock Cr, ,FRM - Rock Cr abv Confluence with Littlejohn Cr, ,FALSE,NATIVE,US/Pacific,San Joaquin,CA,UNITED STATES,"Farmington, CA",SPK,SITE, ,FRM RCF-Rock Cr nr FRM-Littlejohn Cr.Flow.Ave.1Hour.1Hour.Calc-val, ,0,Calc-val,105
144,SPK,FRM FRG-Littlejohn at FRM-Littlejohn Cr,Flow,37.92611,-121.0014,Ave, ,Farmington Lk-Littlejohn Cr, ,FRM - Littlejohn Cr nr Farminton CA, ,FALSE,NATIVE,US/Pacific,San Joaquin,CA,UNITED STATES,"Farmington, CA",SPK,SITE, ,FRM FRG-Littlejohn at FRM-Littlejohn Cr.Flow.Ave.1Hour.1Hour.Calc-val, ,0,Calc-val,115
145,SPK,FRM DUC-Duck Cr Diversion-Littlejohn Cr,Flow,37.93833,-120.9903,Ave, ,Farmington Lk-Duck Cr Div, ,FRM - Duck Cr Diversion nr Farmington, ,FALSE,NATIVE,US/Pacific,San Joaquin,CA,UNITED STATES,"Farmington, CA",SPK,SITE, ,FRM DUC-Duck Cr Diversion-Littlejohn Cr.Flow.Ave.1Hour.1Hour.Calc-val, ,0,Calc-val,110
146,SPK,FRM DCK-Duck Cr nr FRM-Littlejohn Cr,Flow,37.94472,-120.9308,Ave, ,Farmington Lk-Duck Cr, ,FRM - Duck Cr nr Farmington, ,FALSE,NATIVE,US/Pacific,San Joaquin,CA,UNITED STATES,"Farmington, CA",SPK,SITE, ,FRM DCK-Duck Cr nr FRM-Littlejohn Cr.Flow.Ave.1Hour.1Hour.Calc-val, ,0,Calc-val,150
147,SPK,NHG CGV-Cosgrove Creek-Calaveras,Flow,38.13611,-120.8472,Ave, ,New Hogan Lk-Cosgrove Cr, ,NHG - Cosgrove Cr blw Dam, ,FALSE,NATIVE,US/Pacific,Calaveras,CA,UNITED STATES,"Valley Springs, CA",SPK,SITE, ,NHG CGV-Cosgrove Creek-Calaveras.Flow.Ave.1Hour.1Hour.Calc-val, ,0,Calc-val,547
148,SPK,NHG NHGQ-New Hogan Lake Outflow-Calaveras,Flow,38.14806,-120.8239,Ave, ,New Hogan Lk-Calaveras R, ,NHG - New Hogan Lk Outflow to the Calaveras River, ,FALSE,NATIVE,US/Pacific,Calaveras,CA,UNITED STATES,"Valley Springs, CA",SPK,SITE, ,NHG NHGQ-New Hogan Lake Outflow-Calaveras.Flow.Ave.1Hour.1Hour.Calc-val, ,0,Calc-val,520
149,SPK,NHG MRS-Mormon Slough-Calaveras,Flow,38.14889,-121.0125,Ave, ,New Hogan Lk-Mormon Slough, ,NHG - Mormon Slough nr Bellota, ,FALSE,NATIVE,US/Pacific,San Joaquin,CA,UNITED STATES,"Lockeford, CA",SPK,SITE, ,NHG MRS-Mormon Slough-Calaveras.Flow.Ave.1Hour.1Hour.Calc-val, ,0,Calc-val,130
150,LRH,LON,Flow,38.1928,-81.3692,Inst,LondonLD,London Locks and Dam,Kanawha Riv at London L&D,Kanawha Riv at London L&D,WGS84, , ,US/Eastern,Kanawha,WV,UNITED STATES,London,LRH,PROJECT,Lock,LON.Flow.Inst.15Minutes.0.DCP-rev, ,0,DCP-rev,0
151,LRH,WV09903-Lake,Flow,38.3039,-82.4164,Inst,BBF-Lake,Beech Fork Lake,Beech Fk Dam near Huntington 7SSE,Beech Fk Dam near Huntington 7SSE,WGS84,FALSE,NATIVE,US/Eastern,Wayne,WV,UNITED STATES,Lavalette,LRH,SITE,Lake,WV09903-Lake.Flow.Inst.1Hour.0.OBS,BBF-Lake.Flow.Inst.1Hour.0.OBS,0,OBS,500
152,MVS,CFMV,Flow,38.31001,-88.98833,Inst,Mt Vernon-Casey Fork,Mount Vermon Casey,Mt Vernon-Casey Fork,Casey Fork at Mt. Vernon,WGS84,FALSE,NATIVE,US/Central,Unknown County or County N/A,IL,UNITED STATES, ,MVS,STREAM_LOCATION, ,CFMV.Flow.Inst.15Minutes.0.RatingUSGS,Mt Vernon-Casey Fork.Flow.Inst.15Minutes.0.RatingUSGS,0,RatingUSGS,420
153,MVS,Fayetteville,Flow,38.3775,-89.79093,Inst, ,Kaskaskia River at Fayetteville,Kaskaskia River at Fayetteville, ,WGS84,FALSE,NATIVE,US/Central,Unknown County or County N/A,IL,UNITED STATES, ,MVS,STREAM_LOCATION,Gage,Fayetteville.Flow.Inst.1Hour.0.CCP-Comp,07048600.Flow.Inst.1Hour.0.CCP-Comp,0,CCP-Comp,300
154,LRH,WIN,Flow,38.5269,-81.9136,Inst,WV07903,Winfield Locks and Dam,Winfield L-D,Winfield L-D,WGS84, , ,US/Eastern,Putnam,WV,UNITED STATES,Winfield,LRH,PROJECT,Lock,WIN.Flow.Inst.15Minutes.0.DCP-rev,01162500.Flow.Inst.15Minutes.0.DCP-rev,0,DCP-rev,0
155,MVS,St Louis-River Des Peres,Flow,38.55941,-90.2832,Inst,DPSL,St Louis RDP,St Louis-River Des Peres,River Des Peres at St. Louis,WGS84,FALSE,NATIVE,US/Central,St. Louis City,MO,UNITED STATES, ,MVS,STREAM_LOCATION, ,St Louis-River Des Peres.Flow.Inst.5Minutes.0.RatingUSGS,DPSL.Flow.Inst.5Minutes.0.RatingUSGS,0,RatingUSGS,391
156,SPK,WRS WRSQ-Lake Sonoma Outflow-Russian,Flow,38.71972,-122.9994,Ave, ,Lk Sonoma-Dry Cr, ,WRS - Warm Springs Dam Outflow to Dry Cr, ,FALSE,NATIVE,US/Pacific,Sonoma,CA,UNITED STATES,"Geyserville, CA",SPN,SITE, ,WRS WRSQ-Lake Sonoma Outflow-Russian.Flow.Ave.1Hour.1Hour.Calc-val, ,0,Calc-val,188
157,SPK,CA82212,Flow-Spill,38.7225,-123.01,Ave,WRS WRSP-Lake Sonoma Pool-Russian,Lk Sonoma-Pool,LAKE SONOMA / WARM SPRINGS DAM,WRS - Lake Sonoma Pool Elevation Station,WGS84,FALSE,NATIVE,US/Pacific,Sonoma,CA,UNITED STATES,"Cloverdale, CA",SPN,SITE, ,CA82212.Flow-Spill.Ave.1Hour.1Hour.Calc-val,WRS WRSP-Lake Sonoma Pool-Russian.Flow-Spill.Ave.1Hour.1Hour.Calc-val,0,Calc-val,495
158,LRH,WV00707-Lake,Flow,38.8428,-80.6203,Inst,BRNW2,Burnsville Lake,Burnsville Dam near Burnsville,Burnsville Dam near Burnsville,WGS84,FALSE,NATIVE,US/Eastern,Braxton,WV,UNITED STATES,Burnsville,LRH,SITE,Lake,WV00707-Lake.Flow.Inst.1Hour.0.OBS,BRNW2.Flow.Inst.1Hour.0.OBS,0,OBS,700
159,MVS,IL00116-Mississippi,Flow,38.86917,-90.15361,Inst,Mel Price-Mississippi,Mel Price L&D, , , , , , ,Unknown County or County N/A,0,UNITED STATES, , ,STREAM_LOCATION, ,IL00116-Mississippi.Flow.Inst.6Hours.0.NCRFCShef-PZ,Mel Price-Mississippi.Flow.Inst.6Hours.0.NCRFCShef-PZ,0,NCRFCShef-PZ,0
160,MVS,MO10301-Mississippi,Flow,39.00366,-90.69239,Inst,LD 25-Mississippi,LD 25 WQ, , , , , , ,Unknown County or County N/A,0,UNITED STATES, , ,STREAM_LOCATION, ,MO10301-Mississippi.Flow.Inst.6Hours.0.NCRFCShef-PZ,LD 25-Mississippi.Flow.Inst.6Hours.0.NCRFCShef-PZ,0,NCRFCShef-PZ,0
161,SPK,COY HOP-Hopland-EFRussian,Flow,39.02667,-123.1294,Ave, ,Lk Mendocino-Russian@Hopland, ,COY - Russian River nr Hopland, ,FALSE,NATIVE,US/Pacific,Mendocino,CA,UNITED STATES,"Hopland, CA",SPN,SITE, ,COY HOP-Hopland-EFRussian.Flow.Ave.1Hour.1Hour.Calc-val, ,0,Calc-val,498
162,SPK,COY COYF-Coyote Fish Hatchery-EFRussian,Flow,39.19806,-123.1858,Inst, ,Lk Mendocino-Fish Hatchery, ,COY - Coyote Dam Fish Hatchery, ,FALSE,NATIVE,US/Pacific,Mendocino,CA,UNITED STATES,"Calpella, CA",SPN,SITE, ,COY COYF-Coyote Fish Hatchery-EFRussian.Flow.Inst.15Minutes.0.LOS-raw, ,0,LOS-raw,614
163,SPK,COY COYQ-Lake Mendocino Outflow-EFRussian,Flow,39.19806,-123.1864,Ave, ,Lk Mendocino-EF Russian R, ,COY - Coyote Dam Outflow to the EF Russian River, ,FALSE,NATIVE,US/Pacific,Mendocino,CA,UNITED STATES,"Calpella, CA",SPN,SITE, ,COY COYQ-Lake Mendocino Outflow-EFRussian.Flow.Ave.~1Day.1Day.Calc-val, ,0,Calc-val,614
164,SPK,CA10105,Flow-Spill,39.23944,-121.2667,Ave,ENG ENGP-Englebright Lake Pool-Yuba,ENGLEBRIGHT LAKE / DAM,ENGLEBRIGHT LAKE / DAM,ENG - Englebright Lake Pool Elevation,WGS84, , ,US/Pacific,Yuba,CA,UNITED STATES,"Smartsville, CA",SPK,SITE, ,CA10105.Flow-Spill.Ave.1Hour.1Hour.Calc-val,ENG ENGP-Englebright Lake Pool-Yuba.Flow-Spill.Ave.1Hour.1Hour.Calc-val,0,Calc-val,0
165,SPK,MRT MRT-Martis Creek-Truckee,Flow-Res Out,39.32667,-120.1133,Ave, ,Martis Creek Reservoir, , ,WGS84,FALSE,NATIVE,US/Pacific,Nevada,CA,UNITED STATES, , ,SITE, ,MRT MRT-Martis Creek-Truckee.Flow-Res Out.Ave.1Hour.1Hour.Calc-val, ,0,Calc-val,5858
166,SPK,MRT MRTQ-Martis Res Outflow-Truckee,Flow,39.3275,-120.1147,Ave, ,Martis Lk-Martis Cr, ,MRT - Martis Cr Dam Outflow to Martis Cr, ,FALSE,NATIVE,US/Pacific,Nevada,CA,UNITED STATES,"Truckee, CA",SPK,SITE, ,MRT MRTQ-Martis Res Outflow-Truckee.Flow.Ave.1Hour.1Hour.Calc-val, ,0,Calc-val,5858
167,MVS,MO10300-Mississippi,Flow,39.375,-90.907,Inst,LD 24-Mississippi,LD 24 WQ, , ,WGS84,FALSE,NATIVE,US/Central,Pike,MO,UNITED STATES,Clarksville,MVS,STREAM_LOCATION, ,MO10300-Mississippi.Flow.Inst.6Hours.0.NCRFCShef-PZ,LD 24-Mississippi.Flow.Inst.6Hours.0.NCRFCShef-PZ,0,NCRFCShef-PZ,422
168,MVS,Ashburn-Salt,Flow,39.52264,-91.20163,Inst,SAAS,Ashburn,Ashburn-Salt,Salt River at Ashburn,WGS84,FALSE,NATIVE,US/Central,Unknown County or County N/A,MO,UNITED STATES,Ashburn,MVS,STREAM_LOCATION, ,Ashburn-Salt.Flow.Inst.15Minutes.0.RatingCOE,SAAS.Flow.Inst.15Minutes.0.RatingCOE,0,RatingCOE,447
169,SPK,CA00035-Thermolito-Feather R,Flow,39.53889,-121.4856,Inst,SAC ORO-Thermolito-Feather R,Thermolito, , , , , ,US/Pacific,Unknown County or County N/A,0,UNITED STATES, , ,STREAM_LOCATION, ,CA00035-Thermolito-Feather R.Flow.Inst.1Hour.0.Calc-manual,SAC ORO-Thermolito-Feather R.Flow.Inst.1Hour.0.Calc-manual,0,Calc-manual,0
170,LRH,OH00018-Outflow,Flow,39.54077,-82.0584,Inst,TJE-Outflow,Tom Jenkins Outflow (Calc),Tom Jenkins Lake Outflow,Tom Jenkins Lake Outflow,WGS84,FALSE,NATIVE,US/Eastern,Athens,OH,UNITED STATES,Burr Oak,LRH,STREAM_LOCATION,Calculated,OH00018-Outflow.Flow.Inst.1Hour.0.OBS,TJE-Outflow.Flow.Inst.1Hour.0.OBS,0,OBS,700
171,MVS,LD 22-Mississippi,Flow,39.63534,-91.24879,Inst, ,LD 22 WQ, , , , , , ,Unknown County or County N/A,0,UNITED STATES, , ,STREAM_LOCATION, ,LD 22-Mississippi.Flow.Inst.~2Hours.0.lpmsShef-raw, ,0,lpmsShef-raw,0
172,SPK,BLBQ,Flow,39.81846,-122.325,Ave,BLB BLBQ-Black Butte Outflow-Stony Cr,Black Butte Lk-Stony Cr, ,BLB - Black Butte Lk Outflow to Stony Cr,WGS84,FALSE,NATIVE,US/Pacific,Tehama,CA, , ,SPK,STREAM,Stream Gauge,BLBQ.Flow.Ave.1Hour.1Hour.Calc-val,BLB BLBQ-Black Butte Outflow-Stony Cr.Flow.Ave.1Hour.1Hour.Calc-val,0,Calc-val,426
173,LRH,Alexandria,Flow,40.0869,-82.6106,Inst,ALXE3,Alexandria,Alexandria near Caldwell,Alexandria near Caldwell,WGS84, , ,US/Eastern,Licking,OH,UNITED STATES,Caldwell,LRH,SITE,Gage,Alexandria.Flow.Inst.1Hour.0.DCP-rev,CE40D9B4.Flow.Inst.1Hour.0.DCP-rev,0,DCP-rev,0
174,LRH,OH00012-Outflow,Flow,40.2694,-81.2792,Inst,CLB-Outflow,Clendening Outflow, ,Outflow calculated by gate settings.,WGS84,FALSE,NATIVE,US/Eastern,Harrison,OH,UNITED STATES,Tippecanoe,LRH,SITE,Calculated,OH00012-Outflow.Flow.Inst.1Hour.0.OBS,CLB-Outflow.Flow.Inst.1Hour.0.OBS,0,OBS,862
175,LRP,Steubenville,Flow,40.35833,-80.61111,Inst,SBVO1,"Steubenville, OH","Ohio River at Steubenville, OH","Ohio River at Steubenville, OH",WGS84,FALSE,NATIVE,US/Eastern,Jefferson,OH,UNITED STATES,Weirton, ,SITE, ,Steubenville.Flow.Inst.1Hour.0.OHRFC,SBVO1.Flow.Inst.1Hour.0.OHRFC,0,OHRFC,624
176,LRH,OH00009-Outflow,Flow,40.5039,-82.5775,Inst,NBK-Outflow,NoBrKokosing Outflow,USGS 03136300 North Branch Kokosing R Lake nr Fredericktown OH,Outflow stream gage downstream from North Branch Kokosing River Dam,WGS84,FALSE,NATIVE,US/Eastern,Knox,OH,UNITED STATES,Fredericktown,LRH,SITE,Gage,OH00009-Outflow.Flow.Inst.1Hour.0.OBS,NBK-Outflow.Flow.Inst.1Hour.0.OBS,0,OBS,1100
177,NAP,Bethlehem,Flow,40.61538,-75.37879,Inst, ,"Lehigh River at Bethlehem, PA","Lehigh River at Bethlehem, PA","Lehigh River at Bethlehem, PA", , , , , , ,UNITED STATES, , ,SITE, ,Bethlehem.Flow.Inst.1Hour.0.Rev-DCP, ,0,Rev-DCP,0
178,LRH,OH00005-Lake,Flow,40.6356,-81.5581,Inst,BCS-Lake,Beach City Lake,Beach City Lake Beach City 2S,Beach City Lake Beach City 2S,WGS84,FALSE,NATIVE,US/Eastern,Tuscarawas,OH,UNITED STATES,Beach City,LRH,SITE,Lake,OH00005-Lake.Flow.Inst.1Hour.0.OBS,BCS-Lake.Flow.Inst.1Hour.0.OBS,0,OBS,931
179,LRH,OH00004-Lake,Flow,40.6486,-81.4328,Inst,BIVO1,Bolivar Lake,Bolivar Lk near Bolivar 1E,Bolivar Lk near Bolivar 1E,WGS84,FALSE,NATIVE,US/Eastern,Tuscarawas,OH,UNITED STATES,Bolivar,LRH,SITE,Lake,OH00004-Lake.Flow.Inst.1Hour.0.OBS,BIVO1.Flow.Inst.1Hour.0.OBS,0,OBS,895
180,LRH,OH00004-Outflow,Flow,40.64861,-81.4328,Inst,BOS-Outflow,Bolivar Outflow,Bolivar Outflow (calculated value),Bolivar Outflow (calculated value),WGS84,FALSE,NATIVE,US/Eastern,Tuscarawas,OH,UNITED STATES,Bolivar,LRH,STREAM_LOCATION,Calculated,OH00004-Outflow.Flow.Inst.1Hour.0.OBS,BOS-Outflow.Flow.Inst.1Hour.0.OBS,0,OBS,895
181,LRP,Clinton,Flow,40.71603,-79.57887,Inst,PA00116,"L/D-6, Clinton","Allegheny River at L/D-6, Clinton","Allegheny River at L/D-6, Clinton",WGS84,FALSE,NATIVE,US/Eastern,Armstrong,PA,UNITED STATES,Harrison Township, ,PROJECT, ,Clinton.Flow.Inst.1Hour.0.CCP-Comp,07075300.Flow.Inst.1Hour.0.CCP-Comp,0,CCP-Comp,760
182,NAP,Walnutport,Flow,40.75704,-75.60296,Inst, ,"Lehigh River at Walnutport, PA","Lehigh River at Walnutport, PA","Lehigh River at Walnutport, PA", , , , , , ,UNITED STATES, , ,SITE, ,Walnutport.Flow.Inst.1Hour.0.Rev-DCP, ,0,Rev-DCP,0
183,LRE,Youngstown,Flow,41.27,-80.67,Inst, ,Youngstown Weather Station, , , , , ,US/Eastern,Trumbull,OH,UNITED STATES,"Cortland, OH",LRP,SITE, ,Youngstown.Flow.Inst.1Hour.0.OBS,03098600.Flow.Inst.1Hour.0.OBS,0,OBS,0
184,LRE,Meadville,Flow,41.64,-80.21,Inst, ,Meadville Weather Station, , , , , ,US/Eastern,Crawford,PA,UNITED STATES,"Meadville, PA",LRP,SITE, ,Meadville.Flow.Inst.1Hour.0.OBS,03023100.Flow.Inst.1Hour.0.OBS,0,OBS,0
185,LRE,Bradford,Flow,41.8,-78.62,Inst, ,Bradford Weather Station, , , , , ,US/Eastern,McKean,PA,UNITED STATES,"Cyclone, PA",LRP,SITE, ,Bradford.Flow.Inst.1Hour.0.OBS,03010955.Flow.Inst.1Hour.0.OBS,0,OBS,0
186,LRP,CambridgeSprings,Flow,41.8072,-80.0633,Inst,CBSP1,"Cambridge Springs, PA","French Creek at Cambridge Springs, PA","French Creek at Cambridge Springs, PA",WGS84,FALSE,NATIVE,US/Eastern,Crawford,PA,UNITED STATES,Erie, ,SITE, ,CambridgeSprings.Flow.Inst.1Hour.0.OBS,CBSP1.Flow.Inst.1Hour.0.OBS,0,OBS,1124
187,NAE,EBN,Flow,42.22083,-70.97861,Inst, ,Monatiquot River at Braintree,Monatiquot River at East Braintree,Monatiquot River at East Braintree, ,FALSE,NATIVE,America/New_York,Unknown County or County N/A,0, , , ,SITE,Streamgage,EBN.Flow.Inst.15Minutes.0.DCP-rev, ,0,DCP-rev,20
188,LRE,Jackson,Flow,42.27,-84.47,Inst, ,Jackson Weather Station, , , , , ,US/Eastern,Jackson,MI,UNITED STATES,"Jackson, MI",LRE,SITE, ,Jackson.Flow.Inst.15Minutes.0.DCP-rev,DD3051BC.Flow.Inst.15Minutes.0.DCP-rev,0,DCP-rev,0
189,NAE,OTR,Flow,42.58833,-72.04139,Inst, ,Otter River @ Otter River,Otter River at Otter River,Otter River at Otter River, ,FALSE,NATIVE,America/New_York,Unknown County or County N/A,0, , , ,SITE,Streamgage,OTR.Flow.Inst.15Minutes.0.DCP-rev, ,0,DCP-rev,-236
190,NAE,ATH,Flow,42.59284,-72.23912,Inst, ,"Millers River @ Athol, MA",Millers River at Athol,Millers River at Athol,WGS84,FALSE,NATIVE,America/New_York,Worcester,MA, ,Athol, ,STREAM_LOCATION,Streamgage,ATH.Flow.Inst.15Minutes.0.DCP-rev, ,0,DCP-rev,-237
191,LRB,NY00468,Flow,42.73329,-77.90708,Inst,Mount Morris,Mount Morris Dam,Mount Morris Dam,NERFC stage gauge for MMD.,NAD27,FALSE,NATIVE,US/Eastern,Livingston,NY,UNITED STATES, ,LRB,PROJECT,Dam,NY00468.Flow.Inst.30Minutes.0.CCP-Computed-Rev,Mount Morris.Flow.Inst.30Minutes.0.CCP-Computed-Rev,0,CCP-Computed-Rev,0
192,MVP,IA04014,Flow,42.785,-91.095,Inst,LockDam_10,Mississippi R Lock and Dam 10, , ,NAD83, , ,US/Central,Unknown County or County N/A,IA,UNITED STATES, ,MVP,PROJECT,Dam,IA04014.Flow.Inst.1Hour.0.rev,LockDam_10.Flow.Inst.1Hour.0.rev,0,rev,0
193,MVP,WI00733,Flow,43.2116,-91.095,Inst,LockDam_09,Mississippi R Lock and Dam 09, , ,NAD83, , ,US/Central,Unknown County or County N/A,WI,UNITED STATES, ,MVP,PROJECT,Dam,WI00733.Flow.Inst.15Minutes.0.rev,LockDam_09.Flow.Inst.15Minutes.0.rev,0,rev,0
194,LRE,Fulton,Flow,43.3,-76.39,Inst, ,Fulton Weather Station, , , , , ,US/Eastern,Oswego,NY,UNITED STATES,"Fulton, NY",LRB,SITE, ,Fulton.Flow.Inst.1Hour.0.DCP-rev,CE41E006.Flow.Inst.1Hour.0.DCP-rev,0,DCP-rev,0
195,MVP,WI00803,Flow,43.5766,-91.2316,Inst,LockDam_08,Mississippi R Lock and Dam 08, , ,NAD83, , ,US/Central,Unknown County or County N/A,WI,UNITED STATES, , ,PROJECT,Dam,WI00803.Flow.Inst.15Minutes.0.rev,LockDam_08.Flow.Inst.15Minutes.0.rev,0,rev,0
196,MVP,MN00587,Flow,43.8666,-91.3083,Inst,LockDam_07,Mississippi R Lock and Dam 07, , ,NAD83, , ,US/Central,Unknown County or County N/A,MN,UNITED STATES, ,MVP,PROJECT,Dam,MN00587.Flow.Inst.15Minutes.0.rev,LockDam_07.Flow.Inst.15Minutes.0.rev,0,rev,0
197,LRE,Berlin,Flow,43.9538,-88.95284,Inst, ,Berlin Multi-Parameter Station, , , , , ,US/Central,Green Lake,WI,UNITED STATES,"Berlin, WI",LRE,SITE, ,Berlin.Flow.Inst.0.0.shef-raw, ,0,shef-raw,0
198,LRE,Oshkosh,Flow,43.98,-88.55,Inst, ,Oshkosh Multi-Parameter Sta, , , , , ,US/Central,Winnebago,WI,UNITED STATES,"Oshkosh, WI",LRE,SITE, ,Oshkosh.Flow.Inst.0.0.shef-raw, ,0,shef-raw,0
199,MVP,WI00802,Flow,44,-91.4383,Inst,LockDam_06,Mississippi R Lock and Dam 06, , ,NAD83, , ,US/Central,Unknown County or County N/A,WI,UNITED STATES, ,MVP,PROJECT,Dam,WI00802.Flow.Inst.15Minutes.0.rev,LockDam_06.Flow.Inst.15Minutes.0.rev,0,rev,0
200,LRE,WinnebagoObs,Flow,44.03333,-88.40556,Inst, ,Winnebago Observed Flow, , , , , ,US/Central,Winnebago,WI,UNITED STATES,"Stockbridge, WI",LRE,SITE, ,WinnebagoObs.Flow.Inst.0.0.shef-raw, ,0,shef-raw,0
201,MVP,MN00588,Flow,44.0883,-91.6699,Inst,LockDam_05a,Mississippi R Lock and Dam 05a, , ,NAD83, , ,US/Central,Unknown County or County N/A,MN,UNITED STATES, ,MVP,PROJECT,Dam,MN00588.Flow.Inst.15Minutes.0.rev,LockDam_05a.Flow.Inst.15Minutes.0.rev,0,rev,0
202,MVP,MN00589,Flow,44.1616,-91.8116,Inst,LockDam_05,Mississippi R Lock and Dam 05, , ,NAD83, , ,US/Central,Unknown County or County N/A,MN,UNITED STATES, ,MVP,PROJECT,Dam,MN00589.Flow.Inst.15Minutes.0.rev,LockDam_05.Flow.Inst.15Minutes.0.rev,0,rev,0
203,LRE,Appleton,Flow,44.25,-88.52,Inst, ,Appleton Multi-Parameter Station, , , , , ,US/Central,Outagamie,WI,UNITED STATES,"Greenville, WI",LRE,SITE, ,Appleton.Flow.Inst.0.0.shef-raw, ,0,shef-raw,0
204,MVP,WI00727,Flow,44.325,-91.9233,Inst,LockDam_04,Mississippi R Lock and Dam 04, , ,NAD83, , ,US/Central,Unknown County or County N/A,WI,UNITED STATES, ,MVP,PROJECT,Dam,WI00727.Flow.Inst.15Minutes.0.rev,LockDam_04.Flow.Inst.15Minutes.0.rev,0,rev,0
205,LRE,NewLondonObs,Flow,44.39222,-88.74028,Inst, ,New London Observed Flow, , , , , ,US/Central,Waupaca,WI,UNITED STATES,"New London, WI",LRE,SITE, ,NewLondonObs.Flow.Inst.0.0.shef-raw, ,0,shef-raw,0
206,MVP,MN00595,Flow,44.61,-92.61,Inst,LockDam_03,Mississippi R Lock and Dam 03,Mississippi River Lock and Dam 03, ,NAD83,FALSE,NATIVE,US/Central,Unknown County or County N/A,MN,UNITED STATES, ,MVP,PROJECT,Dam,MN00595.Flow.Inst.15Minutes.0.rev,LockDam_03.Flow.Inst.15Minutes.0.rev,0,rev,600
207,MVP,MN00594,Flow,44.7599,-92.8683,Inst,LockDam_02,Mississippi R Lock and Dam 02, , ,NAD83, , ,US/Central,Unknown County or County N/A,MN,UNITED STATES, ,MVP,PROJECT,Dam,MN00594.Flow.Inst.15Minutes.0.comp,LockDam_02.Flow.Inst.15Minutes.0.comp,0,comp,0
208,MVP,MN00591,Flow,44.9783,-93.2466,Inst,LowerSAFalls,Lower St Anthony Falls, ,Elevations are in MSL 1912,NAD83, , , ,Unknown County or County N/A,MN,UNITED STATES, , ,PROJECT,Dam,MN00591.Flow.Inst.~1Day.0.CEMVP-Legacy,LowerSAFalls.Flow.Inst.~1Day.0.CEMVP-Legacy,0,CEMVP-Legacy,0
209,MVP,MN00579,Flow,45.17139,-96.09333,Inst,MarshLake_Dam,Marsh Lake Dam, , ,NAD83, , ,US/Central,Unknown County or County N/A,MN,UNITED STATES, ,MVP,PROJECT,Dam,MN00579.Flow.Inst.1Hour.0.Fcst-CEMVP,MarshLake_Dam.Flow.Inst.1Hour.0.Fcst-CEMVP,0,Fcst-CEMVP,0
210,MVP,MN00581-ServiceSpillway,Flow-Out,45.22944,-96.29028,Inst,Highway75_Dam-ServiceSpillway,Highway 75 Dam Service Spillway, , ,NAD83, , ,US/Central,Unknown County or County N/A,0,UNITED STATES, ,MVP,SITE, ,MN00581-ServiceSpillway.Flow-Out.Inst.~1Day.0.CEMVP-Legacy,Highway75_Dam-ServiceSpillway.Flow-Out.Inst.~1Day.0.CEMVP-Legacy,0,CEMVP-Legacy,0
211,MVP,Benson,Flow,45.3111,-95.6249,Inst,BENM5,Chippewa River at Benson,"Chippewa River at Benson, US12",Owner is MNDNR/MPCA,NAD27,FALSE,NATIVE,US/Central,Unknown County or County N/A,MN,UNITED STATES,Benson,MVP,SITE,DCP Gage,Benson.Flow.Inst.15Minutes.0.rev,BENM5.Flow.Inst.15Minutes.0.rev,0,rev,1009
212,NAE,WAS,Flow,46.77722,-68.15722,Inst, ,"Arroostoock River @ Washburn, ME",Aroostoock River at Washburn,Aroostoock River at Washburn, ,FALSE,NATIVE,America/New_York,Unknown County or County N/A,ME, , , ,SITE,Streamgage,WAS.Flow.Inst.15Minutes.0.DCP-rev, ,0,DCP-rev,436
213,MVP,ND00310-Spillway,Flow,48.40498,-97.79103,Inst,Homme_Dam-Spillway,Homme Dam Overflow Spillway, , , , , ,America/Chicago,Unknown County or County N/A,0,UNITED STATES, ,MVP,SITE, ,ND00310-Spillway.Flow.Inst.15Minutes.0.rev,Homme_Dam-Spillway.Flow.Inst.15Minutes.0.rev,0,rev,0
214,MVP,AlamedaRsvr,Flow-Out,49.25889,-102.2306,Inst, ,Alameda Reservoir near Alameda,"Alameda Reservoir near Alameda, SK",Owner is Environment Canada, , , ,US/Central, , ,CANADA, , ,SITE,DCP Gage,AlamedaRsvr.Flow-Out.Inst.15Minutes.0.ProjectEntry, ,0,ProjectEntry,0
215,MVP,Alameda,Flow,49.34694,-102.2556,Inst, ,Shepherd Creek near Alameda,"Shepherd Creek near Alameda, SK",Owner is Environment Canada, , , ,US/Central, , ,CANADA, , ,SITE,DCP Gage,Alameda.Flow.Inst.5Minutes.0.Raw-EnvCan, ,0,Raw-EnvCan,0
216,MVP,AlamedaRsvr-MooseMntCreek,Flow,49.52278,-102.1719,Inst, ,Moose Mnt Creek a Alameda RSVR,"Moose Mountain Creek above Alameda Reservoir, SK",Owner is Environment Canada, , , ,US/Central, , ,CANADA, , ,SITE,DCP Gage,AlamedaRsvr-MooseMntCreek.Flow.Inst.5Minutes.0.Raw-EnvCan, ,0,Raw-EnvCan,0
217,SPK,CA10201,Flow-Spill,39.19806,-123.1806,Ave,"CA10201	-Lake Mendocino Pool-EFRussian",Lk Mendocino-Pool,Coyote Valley Dam,COY - Lake Mendocino (Coyote Dam) Pool Elevation Station,WGS84,FALSE,NATIVE,US/Pacific,Mendocino,CA,UNITED STATES,"Calpella, CA",SPN,SITE, ,"CA10201	-Lake Mendocino Pool-EFRussian.Flow-Spill.Ave.1Hour.1Hour.Calc-val",CA10201.Flow-Spill.Ave.1Hour.1Hour.Calc-val,0,Calc-val,789
218,NWDP,WA00302,Flow-Out,47.38537,-123.6057,Ave,12035380,Wynoochee Dam,WYNOOCHEE DAM, ,NAD83, , ,US/Pacific,Grays Harbor,WA,UNITED STATES,Aberdeen,NWS,PROJECT,Dam,WA00302.Flow-Out.Ave.1Hour.1Hour.CENWS-COMPUTED-R*,12035380.Flow-Out.Ave.1Hour.1Hour.CENWS-COMPUTED-RAW,0,CENWS-COMPUTED-RAW,0
219,NWDP,D10D3406,Flow,46.50047,-116.3923,Ave,PEKI,Clearwater R near Peck,CLEARWATER RIVER NEAR PECK 2NE,USGS #13341050,WGS84,FALSE,NATIVE,US/Pacific,Nez Perce,ID,UNITED STATES, ,NWW,SITE,Stream Gauge,D10D3406.Flow.Ave.~1Day.1Day.CBT-COMPUTED-REV,PEKI.Flow.Ave.~1Day.1Day.CBT-COMPUTED-REV,0,CBT-COMPUTED-REV,930
220,NWDP,ETSI,Flow-Canal,43.93333,-116.4333,Inst,34433F4C,Emmett Irrigat Dist S Side Cnl,Emmett Irrigation Dist South Side Canal,USBR Hydromet Station ETSI,WGS84,FALSE,NATIVE,US/Mountain,Gem,ID,UNITED STATES, ,NWW,SITE,Stream Gauge,ETSI.Flow-Canal.Inst.0.0.USBR-RAW,34433F4C.Flow-Canal.Inst.0.0.USBR-RAW,0,USBR-RAW,2500
221,NWDP,12371550,Flow-Out,47.68,-114.23,Inst,KERM,Kerr Dam,Kerr Dam, ,NAD83,FALSE,NATIVE,US/Mountain,Lake,MT, , ,NWS,SITE,Dam,12371550.Flow-Out.Inst.~1Day.0.CBT-REV,KERM.Flow-Out.Inst.~1Day.0.CBT-REV,0,CBT-REV,2890
222,NWDP,MT00652,Flow-Out,48.41056,-115.3131,Ave,CE1192D4,Libby Dam Near Libby,LIBBY DAM NEAR LIBBY, , ,FALSE,NATIVE,US/Mountain,Lincoln,MT,UNITED STATES,Libby,NWS,PROJECT,Corps Reservoir,MT00652.Flow-Out.Ave.1Hour.1Hour.CBT-REV,CE1192D4.Flow-Out.Ave.1Hour.1Hour.CBT-REV,0,CBT-REV,2342
223,NWDP,SMCI,Flow-Canal,42.6625,-113.4889,Inst, ,S Side Minidoka Cnl nr Minidoka,S. Side Minidoka Canal Near Minidoka, ,WGS84,FALSE,NATIVE,US/Mountain,Cassia,ID,UNITED STATES, ,NWW,SITE,Stream Gauge,SMCI.Flow-Canal.Inst.0.0.USBR-RAW, ,0,USBR-RAW,4184
224,NWDP,34437294,Flow-Canal,42.67167,-113.4839,Inst,13080000,N Side Minidoka Cnl nr Minidoka,N. Side Minidoka Canal Near Minidoka,USBR Station ID NMCI,WGS84,FALSE,NATIVE,US/Mountain,Minidoka,ID,UNITED STATES, ,NWW,SITE,Stream Gauge,34437294.Flow-Canal.Inst.0.0.USBR-RAW,13080000.Flow-Canal.Inst.0.0.USBR-RAW,0,USBR-RAW,4180
225,NWDP,MT00565,Flow-Out,48.34111,-114.0133,Ave,345EB372,Hungry Horse Dam nr Hungry Horse,HUNGRY HORSE DAM NEAR HUNGRY HORSE, , ,FALSE,NATIVE,US/Mountain,Flathead,MT,UNITED STATES,Missoula,NWS,PROJECT,Dam,MT00565.Flow-Out.Ave.1Hour.1Hour.CBT-REV,345EB372.Flow-Out.Ave.1Hour.1Hour.CBT-REV,0,CBT-REV,3196
226,NWDP,WFCI,Flow-Canal,43.90556,-111.6278,Inst,18D21S,Wilford Canal,Wilford Canal,USBR Station ID WFCI,WGS84,FALSE,NATIVE,US/Mountain,Fremont,ID,UNITED STATES, ,NWW,SITE,Stream Gauge,WFCI.Flow-Canal.Inst.0.0.USBR-RAW,18D21S.Flow-Canal.Inst.0.0.USBR-RAW,0,USBR-RAW,4965
227,NWDP,MHPI,Flow-Discharge-Power,42.51667,-114.0333,Ave, ,Milner Hydroelectric Plant,Milner Hydroelectric Plant, ,WGS84,FALSE,NATIVE,US/Mountain,Cassia,ID,UNITED STATES, ,NWW,SITE,Stream Gauge,MHPI.Flow-Discharge-Power.Ave.~1Day.1Day.USBR-COM*, ,0,USBR-COMPUTED-REV,4120
228,NWDP,ID00319,Flow-Out,48.17925,-116.9997,Ave,ALF,Albeni Falls Dam,Albeni Falls Dam, , ,FALSE,NATIVE,US/Pacific,Bonner,ID,UNITED STATES,Coeur d'Alene,NWS,PROJECT,Corps Reservoir,ID00319.Flow-Out.Ave.1Hour.1Hour.CBT-REV,ALF.Flow-Out.Ave.1Hour.1Hour.CBT-REV,0,CBT-REV,2047
229,NWDP,WA00256,Flow-Out-Total,47.40927,-121.724,Ave,12115900,Chester Morse Lake @ Cedar Falls,CHESTER MORSE LAKE AT CEDAR FALLS NEAR NORTH BEND 7SSE, ,NAD83, , ,US/Pacific,King,WA, , ,NWS,SITE,Dam,WA00256.Flow-Out-Total.Ave.1Hour.1Hour.SCL-RAW,12115900.Flow-Out-Total.Ave.1Hour.1Hour.SCL-RAW,0,SCL-RAW,0
230,NWDP,OR00002,Flow-Out,45.61,-121.13,Ave,14103950,The Dalles Lock and Dam,The Dalles Dam and Lake Celilo on the Columbia River, ,WGS84, , ,US/Pacific,Wasco,OR,UNITED STATES, ,NWDP,PROJECT,Dam,OR00002.Flow-Out.Ave.1Hour.1Hour.CBT-REV,14103950.Flow-Out.Ave.1Hour.1Hour.CBT-REV,0,CBT-REV,0
231,NWDP,WA00168,Flow-Out,48.69824,-121.2091,Ave,GOD,Gorge Reservoir nr Nehalem,GORGE RESERVOIR NR NEHALEM, , , , ,US/Pacific,Whatcom,WA,UNITED STATES,Newhalem,NWS,PROJECT,Dam,WA00168.Flow-Out.Ave.1Hour.1Hour.SCL-RAW,GOD.Flow-Out.Ave.1Hour.1Hour.SCL-RAW,0,SCL-RAW,0
232,NWDP,OR00616,Flow-Out,45.93563,-119.2977,Ave,MCN,McNary Lock and Dam,McNary Dam and Lake Wallula,McNary_Dam,WGS84,FALSE,NATIVE,US/Pacific,Umatilla,OR,UNITED STATES, ,NWDP,PROJECT,Dam,OR00616.Flow-Out.Ave.~1Day.1Day.CBT-REV,MCN.Flow-Out.Ave.~1Day.1Day.CBT-REV,0,CBT-REV,361
233,NWDP,ID00287,Flow-Out,46.51537,-116.2962,Ave,DWR,Dworshak Dam,Dworshak_Dam,Dworshak_Dam Datum Correction 1929-1988 (CorpsCon 6) = 3.320 Ft,WGS84,FALSE,NATIVE,US/Pacific,Clearwater,ID,UNITED STATES,Moscow,NWW,PROJECT,Corps Reservoir,ID00287.Flow-Out.Ave.~6Hours.6Hours.CBT-COMPUTED-*,DWR.Flow-Out.Ave.~6Hours.6Hours.CBT-COMPUTED-REV,0,CBT-COMPUTED-REV,1613
234,NWDP,TLCI,Flow-Canal,43.72028,-111.8272,Inst,13038434,Texas And Liberty Weir,Texas and Liberty Weir,USBR Station ID TLCI,WGS84,FALSE,NATIVE,US/Mountain,Madison,ID,UNITED STATES, ,NWW,SITE,Stream Gauge,TLCI.Flow-Canal.Inst.0.0.USBR-RAW,13038434.Flow-Canal.Inst.0.0.USBR-RAW,0,USBR-RAW,4895
235,NWDP,WA00169,Flow-Loc,48.73278,-121.0672,Ave,ROS,Ross Reservoir nr Newhalem,ROSS RESERVOIR NEAR NEWHALEM, , , , ,US/Pacific,Whatcom,WA,UNITED STATES,Newhalem,NWS,PROJECT,Dam,WA00169.Flow-Loc.Ave.1Hour.1Hour.SCL-RAW,ROS.Flow-Loc.Ave.1Hour.1Hour.SCL-RAW,0,SCL-RAW,0
236,NWDP,WA00300,Flow-Out,47.1422,-121.9313,Inst,MMD,Mud Mountain Dam nr Buckley WA,MUD MOUNTAIN DAM NR BUCKLEY WA, , , , ,US/Pacific,King,WA,UNITED STATES,Buckley,NWS,PROJECT,Corps Reservoir,WA00300.Flow-Out.Inst.1Hour.0.NWSRADIO-COMPUTED-R*,MMD.Flow-Out.Inst.1Hour.0.NWSRADIO-COMPUTED-RAW,0,NWSRADIO-COMPUTED-RAW,0
237,NWDP,ARK,Flow-Out,43.59529,-115.9225,Ave,347D061C,Arrowrock Dam,ARROWROCK DAM AND RESERVOIR NEAR BOISE 14E,Datum Correction 1929-1988 (CorpsCon 6) = 3.406 Ft,WGS84,FALSE,NATIVE,US/Mountain,Boise,ID,UNITED STATES,Boise,NWW,PROJECT,Bureau of Reclamation Dam,ARK.Flow-Out.Ave.~6Hours.6Hours.USBR-COMPUTED-REV,347D061C.Flow-Out.Ave.~6Hours.6Hours.USBR-COMPUTED-REV,0,USBR-COMPUTED-REV,3220
238,NWDP,DIA,Flow-Out,48.71556,-121.1506,Ave, ,Diablo Reservoir nr Newhalem 6NE,DIABLO RESERVOIR NEAR NEWHALEM 6NE, , , , ,US/Pacific,Whatcom,WA, , ,NWS,SITE,Dam,DIA.Flow-Out.Ave.~1Day.1Day.CBT-REV, ,0,CBT-REV,0
239,NWDP,SQWI,Flow,43.96667,-116.3314,Inst,3483268C,Squaw Cr near Sweet 1S,Squaw Creek near Sweet 1S,USGS #13297355,WGS84,FALSE,NATIVE,US/Mountain,Gem,ID,UNITED STATES, ,NWW,SITE,Stream Gauge,SQWI.Flow.Inst.0.0.USBR-RAW,3483268C.Flow.Inst.0.0.USBR-RAW,0,USBR-RAW,5710
240,NWDP,WA00173,Flow-Out,48.64929,-121.6907,Inst,12191600,Baker Lk @ Upr Baker Dm nr Conct,BAKER LAKE AT UPPER BAKER DAM NEAR CONCRETE, ,NAD83, , ,US/Pacific,Whatcom,WA,UNITED STATES,Concrete,NWS,PROJECT,Dam,WA00173.Flow-Out.Inst.1Hour.0.PSE-RAW,12191600.Flow-Out.Inst.1Hour.0.PSE-RAW,0,PSE-RAW,0
241,NWDP,WA00085,Flow-Out,46.87472,-119.9714,Ave,WAN,Wanapum Dam,Wanapum Dam, , , , ,US/Pacific,Kittitas,WA, , ,NWDP,PROJECT,Dam,WA00085.Flow-Out.Ave.1Hour.1Hour.CBT-REV,WAN.Flow-Out.Ave.1Hour.1Hour.CBT-REV,0,CBT-REV,0
242,NWDP,WA00086,Flow-Out,47.53371,-120.296,Ave,RRH,Rocky Reach Dam,Rocky Reach Dam, ,NAD83, , ,US/Pacific,Chelan,WA, , ,NWDP,PROJECT,Dam,WA00086.Flow-Out.Ave.1Hour.1Hour.CBT-REV,RRH.Flow-Out.Ave.1Hour.1Hour.CBT-REV,0,CBT-REV,0
243,NWDP,WA00009,Flow-Out,48.98722,-117.3475,Ave,BDY,Boundary Dam,Boundary Dam, , , , ,US/Pacific,Pend Oreille,WA,UNITED STATES,Spokane,NWS,PROJECT,Dam,WA00009.Flow-Out.Ave.~1Day.1Day.CBT-REV,BDY.Flow-Out.Ave.~1Day.1Day.CBT-REV,0,CBT-REV,0
244,NWDP,14128860,Flow-Out,45.64583,-121.9389,Ave,BON,Bonneville Lock and Dam,Bonneville Dam and Lake On Columbia River, ,WGS84, , ,US/Pacific,Multnomah,OR,UNITED STATES, ,NWDP,PROJECT,Dam,14128860.Flow-Out.Ave.1Hour.1Hour.CBT-REV,BON.Flow-Out.Ave.1Hour.1Hour.CBT-REV,0,CBT-REV,0
245,NWDP,WA00098,Flow-Out,47.94722,-119.8651,Ave,WEL,Wells Dam,Wells Dam, ,NAD83, , ,US/Central,Douglas,WA, , ,NWDP,PROJECT,Dam,WA00098.Flow-Out.Ave.1Hour.1Hour.CBT-REV,WEL.Flow-Out.Ave.1Hour.1Hour.CBT-REV,0,CBT-REV,0
246,NWDP,WA00088,Flow-Out,46.64442,-119.9099,Ave,PRD,Priest Rapids Dam,Priest Rapids Dam, , , , ,US/Pacific,Grant,WA, , ,NWDP,PROJECT,Dam,WA00088.Flow-Out.Ave.1Hour.1Hour.CBT-REV,PRD.Flow-Out.Ave.1Hour.1Hour.CBT-REV,0,CBT-REV,0
247,NWDP,14048006,Flow-Out,45.71485,-120.6937,Ave,JDA,John Day Lock and Dam,John Day Dam and Lake Umatilla, ,WGS84, , ,US/Pacific,Sherman,OR,UNITED STATES, ,NWDP,PROJECT,Dam,14048006.Flow-Out.Ave.1Hour.1Hour.CBT-REV,JDA.Flow-Out.Ave.1Hour.1Hour.CBT-REV,0,CBT-REV,0
248,NWDP,WA00299,Flow-Out,47.99511,-119.6411,Ave,12437990,Chief Joseph Dam,Chief Joseph Dam, ,NAD83, , ,US/Pacific,Douglas,WA,UNITED STATES, ,NWDP,PROJECT,Dam,WA00299.Flow-Out.Ave.1Hour.1Hour.CBT-REV,12437990.Flow-Out.Ave.1Hour.1Hour.CBT-REV,0,CBT-REV,0
249,NWDP,GCL,Flow-Out,47.95667,-118.9805,Ave, ,Grand Coulee Dam,Grand Coulee Dam 1 Southwest, , ,FALSE,NATIVE,US/Pacific,Okanogan,WA, , ,NWDP,PROJECT,Dam,GCL.Flow-Out.Ave.1Hour.1Hour.CBT-REV, ,0,CBT-REV,1929
250,NWDP,WA00084,Flow-Out,47.33984,-120.0945,Ave,RIS,Rock Island Dam,Rock Island Dam, ,NAD83, , ,US/Pacific,Chelan,WA, , ,NWDP,PROJECT,Dam,WA00084.Flow-Out.Ave.1Hour.1Hour.CBT-REV,RIS.Flow-Out.Ave.1Hour.1Hour.CBT-REV,0,CBT-REV,0
251,NWDP,CSCI,Flow,44.52461,-116.0397,Ave, ,North Fork Payette R @ Cascade,NORTH FORK PAYETTE RIVER AT CASCADE,USGS #13245000,WGS84,FALSE,NATIVE,US/Mountain,Valley,ID,UNITED STATES, ,NWW,SITE,Stream Gauge,CSCI.Flow.Ave.~1Day.1Day.USBR-COMPUTED-REV, ,0,USBR-COMPUTED-REV,4720
252,NWDP,THFO,Flow,45,-117.7833,Inst, ,Powder R Blw Thief Vly Res,Powder River Below Thief Valley Reservoir Near North Powder,USGS #13285500,WGS84,FALSE,NATIVE,US/Pacific,Union,OR,UNITED STATES, ,NWW,SITE,Stream Gauge,THFO.Flow.Inst.15Minutes.0.OWRD-RAW, ,0,OWRD-RAW,3080
253,NWDP,REVB,Flow-Out,51.05,-118.19,Ave, ,Revelstoke Dam,Revelstoke Dam, , ,FALSE,NATIVE,Unknown or Not Applicable,Unknown County or County N/A,0, , ,NWDP,SITE,Dam,REVB.Flow-Out.Ave.1Hour.1Hour.BCHYDRO-RAW, ,0,BCHYDRO-RAW,1660
